y-m-day-hour_3_rounded,n_barcode,n_barcode_L,n_barcode_R,work_time,work_time_L,work_time_R,CYCLE_ABORTED,CYCLE_COMPLETED,CYCLE_NOT_STARTED,CYCLE_ABORTED_L,CYCLE_COMPLETED_L,CYCLE_NOT_STARTED_L,CYCLE_ABORTED_R,CYCLE_COMPLETED_R,CYCLE_NOT_STARTED_R,cumulative_per_day_CYCLE_COMPLETED_day,cumulative_per_day_CYCLE_ABORTED_day,cumulative_per_day_CYCLE_NOT_STARTED_day,cumulative_per_day_CYCLE_COMPLETED_L_day,cumulative_per_day_CYCLE_ABORTED_L_day,cumulative_per_day_CYCLE_NOT_STARTED_L_day,cumulative_per_day_CYCLE_COMPLETED_R_day,cumulative_per_day_CYCLE_ABORTED_R_day,cumulative_per_day_CYCLE_NOT_STARTED_R_day,CL_PRESS_DOWN_2_START,CL_PRESS_DOWN_2_STOP,CL_PRESS_DOWN_3_START,CL_PRESS_DOWN_3_STOP,CL_PRESS_DOWN_START,CL_PRESS_DOWN_STOP,CL_PRESS_LOCK_START,CL_PRESS_LOCK_STOP,CL_SQUEEZE_ON_START,CL_SQUEEZE_ON_STOP,CL_STOP_PAUSE_2_START,CL_STOP_PAUSE_2_STOP,CL_STOP_PAUSE_START,CL_STOP_PAUSE_STOP,CL_UNLOCK_PRESS_START,CL_UNLOCK_PRESS_STOP,CURING_OFF_START,CURING_OFF_STOP,CURING_ON_START,CURING_ON_STOP,LO_BLADDER_PRESHAPING_START,LO_BLADDER_PRESHAPING_STOP,LO_BLADDER_VACUUM_START,LO_BLADDER_VACUUM_STOP,LO_LOADER_DOWN_START,LO_LOADER_DOWN_STOP,LO_LOADER_IN_PRESS_START,LO_LOADER_IN_PRESS_STOP,LO_LOADER_OUT_START,LO_LOADER_OUT_STOP,LO_LOADER_RELEASE_TIRE_START,LO_LOADER_RELEASE_TIRE_STOP,LO_LOADER_UP_START,LO_LOADER_UP_STOP,LO_PRESHAPING_START,LO_PRESHAPING_STOP,LO_TCR_DOWN_START,LO_TCR_DOWN_STOP,OP_PRESS_LOCKED_START,OP_PRESS_LOCKED_STOP,OP_PRESS_MOVEMENT_UP_1_START,OP_PRESS_MOVEMENT_UP_1_STOP,OP_PRESS_MOVEMENT_UP_2_START,OP_PRESS_MOVEMENT_UP_2_STOP,OP_PRESS_MOVEMENT_UP_3_START,OP_PRESS_MOVEMENT_UP_3_STOP,OP_PRESS_MOVEMENT_UP_START,OP_PRESS_MOVEMENT_UP_STOP,OP_PRESS_STOP_PAUSE_1_START,OP_PRESS_STOP_PAUSE_1_STOP,OP_PRESS_STOP_PAUSE_2_START,OP_PRESS_STOP_PAUSE_2_STOP,OP_PRESS_STOP_PAUSE_3_START,OP_PRESS_STOP_PAUSE_3_STOP,OP_SQUEEZE_OFF_START,OP_SQUEEZE_OFF_STOP,OP_UNLOCK_PRESS_START,OP_UNLOCK_PRESS_STOP,UN_FORK_IN_START,UN_FORK_IN_STOP,UN_FORK_OUT_START,UN_FORK_OUT_STOP,UN_LMR_UP_START,UN_LMR_UP_STOP,UN_TCR_DOWN_START,UN_TCR_DOWN_STOP,UN_TCR_UP_LMR_DOWN_START,UN_TCR_UP_LMR_DOWN_STOP,UN_VACUUM_START,UN_VACUUM_STOP,CL_PRESS_DOWN_2_START_L,CL_PRESS_DOWN_2_STOP_L,CL_PRESS_DOWN_3_START_L,CL_PRESS_DOWN_3_STOP_L,CL_PRESS_DOWN_START_L,CL_PRESS_DOWN_STOP_L,CL_PRESS_LOCK_START_L,CL_PRESS_LOCK_STOP_L,CL_SQUEEZE_ON_START_L,CL_SQUEEZE_ON_STOP_L,CL_STOP_PAUSE_2_START_L,CL_STOP_PAUSE_2_STOP_L,CL_STOP_PAUSE_START_L,CL_STOP_PAUSE_STOP_L,CL_UNLOCK_PRESS_START_L,CL_UNLOCK_PRESS_STOP_L,CURING_OFF_START_L,CURING_OFF_STOP_L,CURING_ON_START_L,CURING_ON_STOP_L,LO_BLADDER_PRESHAPING_START_L,LO_BLADDER_PRESHAPING_STOP_L,LO_BLADDER_VACUUM_START_L,LO_BLADDER_VACUUM_STOP_L,LO_LOADER_DOWN_START_L,LO_LOADER_DOWN_STOP_L,LO_LOADER_IN_PRESS_START_L,LO_LOADER_IN_PRESS_STOP_L,LO_LOADER_OUT_START_L,LO_LOADER_OUT_STOP_L,LO_LOADER_RELEASE_TIRE_START_L,LO_LOADER_RELEASE_TIRE_STOP_L,LO_LOADER_UP_START_L,LO_LOADER_UP_STOP_L,LO_PRESHAPING_START_L,LO_PRESHAPING_STOP_L,LO_TCR_DOWN_START_L,LO_TCR_DOWN_STOP_L,OP_PRESS_LOCKED_START_L,OP_PRESS_LOCKED_STOP_L,OP_PRESS_MOVEMENT_UP_1_START_L,OP_PRESS_MOVEMENT_UP_1_STOP_L,OP_PRESS_MOVEMENT_UP_2_START_L,OP_PRESS_MOVEMENT_UP_2_STOP_L,OP_PRESS_MOVEMENT_UP_3_START_L,OP_PRESS_MOVEMENT_UP_3_STOP_L,OP_PRESS_MOVEMENT_UP_START_L,OP_PRESS_MOVEMENT_UP_STOP_L,OP_PRESS_STOP_PAUSE_1_START_L,OP_PRESS_STOP_PAUSE_1_STOP_L,OP_PRESS_STOP_PAUSE_2_START_L,OP_PRESS_STOP_PAUSE_2_STOP_L,OP_PRESS_STOP_PAUSE_3_START_L,OP_PRESS_STOP_PAUSE_3_STOP_L,OP_SQUEEZE_OFF_START_L,OP_SQUEEZE_OFF_STOP_L,OP_UNLOCK_PRESS_START_L,OP_UNLOCK_PRESS_STOP_L,UN_FORK_IN_START_L,UN_FORK_IN_STOP_L,UN_FORK_OUT_START_L,UN_FORK_OUT_STOP_L,UN_LMR_UP_START_L,UN_LMR_UP_STOP_L,UN_TCR_DOWN_START_L,UN_TCR_DOWN_STOP_L,UN_TCR_UP_LMR_DOWN_START_L,UN_TCR_UP_LMR_DOWN_STOP_L,UN_VACUUM_START_L,UN_VACUUM_STOP_L,CL_PRESS_DOWN_2_START_R,CL_PRESS_DOWN_2_STOP_R,CL_PRESS_DOWN_3_START_R,CL_PRESS_DOWN_3_STOP_R,CL_PRESS_DOWN_START_R,CL_PRESS_DOWN_STOP_R,CL_PRESS_LOCK_START_R,CL_PRESS_LOCK_STOP_R,CL_SQUEEZE_ON_START_R,CL_SQUEEZE_ON_STOP_R,CL_STOP_PAUSE_2_START_R,CL_STOP_PAUSE_2_STOP_R,CL_STOP_PAUSE_START_R,CL_STOP_PAUSE_STOP_R,CL_UNLOCK_PRESS_START_R,CL_UNLOCK_PRESS_STOP_R,CURING_OFF_START_R,CURING_OFF_STOP_R,CURING_ON_START_R,CURING_ON_STOP_R,LO_BLADDER_PRESHAPING_START_R,LO_BLADDER_PRESHAPING_STOP_R,LO_BLADDER_VACUUM_START_R,LO_BLADDER_VACUUM_STOP_R,LO_LOADER_DOWN_START_R,LO_LOADER_DOWN_STOP_R,LO_LOADER_IN_PRESS_START_R,LO_LOADER_IN_PRESS_STOP_R,LO_LOADER_OUT_START_R,LO_LOADER_OUT_STOP_R,LO_LOADER_RELEASE_TIRE_START_R,LO_LOADER_RELEASE_TIRE_STOP_R,LO_LOADER_UP_START_R,LO_LOADER_UP_STOP_R,LO_PRESHAPING_START_R,LO_PRESHAPING_STOP_R,LO_TCR_DOWN_START_R,LO_TCR_DOWN_STOP_R,OP_PRESS_LOCKED_START_R,OP_PRESS_LOCKED_STOP_R,OP_PRESS_MOVEMENT_UP_1_START_R,OP_PRESS_MOVEMENT_UP_1_STOP_R,OP_PRESS_MOVEMENT_UP_2_START_R,OP_PRESS_MOVEMENT_UP_2_STOP_R,OP_PRESS_MOVEMENT_UP_3_START_R,OP_PRESS_MOVEMENT_UP_3_STOP_R,OP_PRESS_MOVEMENT_UP_START_R,OP_PRESS_MOVEMENT_UP_STOP_R,OP_PRESS_STOP_PAUSE_1_START_R,OP_PRESS_STOP_PAUSE_1_STOP_R,OP_PRESS_STOP_PAUSE_2_START_R,OP_PRESS_STOP_PAUSE_2_STOP_R,OP_PRESS_STOP_PAUSE_3_START_R,OP_PRESS_STOP_PAUSE_3_STOP_R,OP_SQUEEZE_OFF_START_R,OP_SQUEEZE_OFF_STOP_R,OP_UNLOCK_PRESS_START_R,OP_UNLOCK_PRESS_STOP_R,UN_FORK_IN_START_R,UN_FORK_IN_STOP_R,UN_FORK_OUT_START_R,UN_FORK_OUT_STOP_R,UN_LMR_UP_START_R,UN_LMR_UP_STOP_R,UN_TCR_DOWN_START_R,UN_TCR_DOWN_STOP_R,UN_TCR_UP_LMR_DOWN_START_R,UN_TCR_UP_LMR_DOWN_STOP_R,UN_VACUUM_START_R,UN_VACUUM_STOP_R
2013-12-22 12:00:00,13,0.0,13.0,19756.0,0.0,19756.0,3,10,0,0.0,0.0,0.0,3.0,10.0,0.0,10,3,0,0.0,0.0,0.0,10.0,3.0,0.0,13,13,13,13,13,13,13,13,13,13,13,13,13,13,13,13,12,12,13,12,13,13,13,13,13,13,13,13,13,13,13,13,13,13,13,13,13,13,12,12,12,12,12,12,12,12,12,12,12,12,12,12,12,12,12,12,12,12,12,12,10,10,12,12,12,11,12,12,12,12,0.0,0.0,0.0,0.0,0.0,0.0,0.0,0.0,0.0,0.0,0.0,0.0,0.0,0.0,0.0,0.0,0.0,0.0,0.0,0.0,0.0,0.0,0.0,0.0,0.0,0.0,0.0,0.0,0.0,0.0,0.0,0.0,0.0,0.0,0.0,0.0,0.0,0.0,0.0,0.0,0.0,0.0,0.0,0.0,0.0,0.0,0.0,0.0,0.0,0.0,0.0,0.0,0.0,0.0,0.0,0.0,0.0,0.0,0.0,0.0,0.0,0.0,0.0,0.0,0.0,0.0,0.0,0.0,0.0,0.0,13.0,13.0,13.0,13.0,13.0,13.0,13.0,13.0,13.0,13.0,13.0,13.0,13.0,13.0,13.0,13.0,12.0,12.0,13.0,12.0,13.0,13.0,13.0,13.0,13.0,13.0,13.0,13.0,13.0,13.0,13.0,13.0,13.0,13.0,13.0,13.0,13.0,13.0,12.0,12.0,12.0,12.0,12.0,12.0,12.0,12.0,12.0,12.0,12.0,12.0,12.0,12.0,12.0,12.0,12.0,12.0,12.0,12.0,12.0,12.0,10.0,10.0,12.0,12.0,12.0,11.0,12.0,12.0,12.0,12.0
2013-12-22 18:00:00,16,0.0,16.0,16525.0,0.0,16525.0,1,15,0,0.0,0.0,0.0,1.0,15.0,0.0,25,4,0,0.0,0.0,0.0,25.0,4.0,0.0,15,15,15,15,15,15,15,15,15,15,15,15,15,15,15,15,16,16,15,16,15,15,15,15,15,15,15,15,15,15,15,15,15,15,15,15,15,15,16,16,16,16,16,16,16,16,16,16,16,16,16,16,16,16,16,16,16,16,16,16,15,15,16,16,15,15,16,16,16,16,0.0,0.0,0.0,0.0,0.0,0.0,0.0,0.0,0.0,0.0,0.0,0.0,0.0,0.0,0.0,0.0,0.0,0.0,0.0,0.0,0.0,0.0,0.0,0.0,0.0,0.0,0.0,0.0,0.0,0.0,0.0,0.0,0.0,0.0,0.0,0.0,0.0,0.0,0.0,0.0,0.0,0.0,0.0,0.0,0.0,0.0,0.0,0.0,0.0,0.0,0.0,0.0,0.0,0.0,0.0,0.0,0.0,0.0,0.0,0.0,0.0,0.0,0.0,0.0,0.0,0.0,0.0,0.0,0.0,0.0,15.0,15.0,15.0,15.0,15.0,15.0,15.0,15.0,15.0,15.0,15.0,15.0,15.0,15.0,15.0,15.0,16.0,16.0,15.0,16.0,15.0,15.0,15.0,15.0,15.0,15.0,15.0,15.0,15.0,15.0,15.0,15.0,15.0,15.0,15.0,15.0,15.0,15.0,16.0,16.0,16.0,16.0,16.0,16.0,16.0,16.0,16.0,16.0,16.0,16.0,16.0,16.0,16.0,16.0,16.0,16.0,16.0,16.0,16.0,16.0,15.0,15.0,16.0,16.0,15.0,15.0,16.0,16.0,16.0,16.0
2014-12-22 00:00:00,8,0.0,8.0,7092.0,0.0,7092.0,1,7,0,0.0,0.0,0.0,1.0,7.0,0.0,7,1,0,0.0,0.0,0.0,7.0,1.0,0.0,8,8,8,8,8,8,8,8,8,8,8,8,8,8,8,8,7,7,8,7,8,8,8,8,8,8,8,8,8,8,8,8,8,8,8,8,8,8,7,7,7,7,7,7,7,7,7,7,7,7,7,7,7,7,7,7,7,7,7,7,7,7,7,7,7,7,7,7,7,7,0.0,0.0,0.0,0.0,0.0,0.0,0.0,0.0,0.0,0.0,0.0,0.0,0.0,0.0,0.0,0.0,0.0,0.0,0.0,0.0,0.0,0.0,0.0,0.0,0.0,0.0,0.0,0.0,0.0,0.0,0.0,0.0,0.0,0.0,0.0,0.0,0.0,0.0,0.0,0.0,0.0,0.0,0.0,0.0,0.0,0.0,0.0,0.0,0.0,0.0,0.0,0.0,0.0,0.0,0.0,0.0,0.0,0.0,0.0,0.0,0.0,0.0,0.0,0.0,0.0,0.0,0.0,0.0,0.0,0.0,8.0,8.0,8.0,8.0,8.0,8.0,8.0,8.0,8.0,8.0,8.0,8.0,8.0,8.0,8.0,8.0,7.0,7.0,8.0,7.0,8.0,8.0,8.0,8.0,8.0,8.0,8.0,8.0,8.0,8.0,8.0,8.0,8.0,8.0,8.0,8.0,8.0,8.0,7.0,7.0,7.0,7.0,7.0,7.0,7.0,7.0,7.0,7.0,7.0,7.0,7.0,7.0,7.0,7.0,7.0,7.0,7.0,7.0,7.0,7.0,7.0,7.0,7.0,7.0,7.0,7.0,7.0,7.0,7.0,7.0
2014-12-22 06:00:00,5,0.0,5.0,4037.0,0.0,4037.0,0,5,0,0.0,0.0,0.0,0.0,5.0,0.0,12,1,0,0.0,0.0,0.0,12.0,1.0,0.0,4,4,4,4,4,4,4,4,4,4,4,4,4,4,4,4,5,5,4,5,4,4,4,4,4,4,4,4,4,4,4,4,4,4,4,4,4,4,5,5,5,5,5,5,5,5,5,5,5,5,5,5,5,5,5,5,5,5,5,5,5,5,5,5,5,5,5,5,5,5,0.0,0.0,0.0,0.0,0.0,0.0,0.0,0.0,0.0,0.0,0.0,0.0,0.0,0.0,0.0,0.0,0.0,0.0,0.0,0.0,0.0,0.0,0.0,0.0,0.0,0.0,0.0,0.0,0.0,0.0,0.0,0.0,0.0,0.0,0.0,0.0,0.0,0.0,0.0,0.0,0.0,0.0,0.0,0.0,0.0,0.0,0.0,0.0,0.0,0.0,0.0,0.0,0.0,0.0,0.0,0.0,0.0,0.0,0.0,0.0,0.0,0.0,0.0,0.0,0.0,0.0,0.0,0.0,0.0,0.0,4.0,4.0,4.0,4.0,4.0,4.0,4.0,4.0,4.0,4.0,4.0,4.0,4.0,4.0,4.0,4.0,5.0,5.0,4.0,5.0,4.0,4.0,4.0,4.0,4.0,4.0,4.0,4.0,4.0,4.0,4.0,4.0,4.0,4.0,4.0,4.0,4.0,4.0,5.0,5.0,5.0,5.0,5.0,5.0,5.0,5.0,5.0,5.0,5.0,5.0,5.0,5.0,5.0,5.0,5.0,5.0,5.0,5.0,5.0,5.0,5.0,5.0,5.0,5.0,5.0,5.0,5.0,5.0,5.0,5.0
2014-12-22 12:00:00,2,2.0,0.0,2331.0,2331.0,0.0,2,0,0,2.0,0.0,0.0,0.0,0.0,0.0,12,3,0,0.0,2.0,0.0,0.0,0.0,0.0,2,2,2,2,2,2,2,2,2,2,2,2,2,2,2,2,2,2,2,2,2,2,2,2,2,2,2,2,2,2,2,2,2,2,2,2,2,2,2,2,2,2,2,2,2,2,2,2,2,2,2,2,2,2,2,2,2,2,2,2,0,0,2,2,2,2,2,2,2,2,2.0,2.0,2.0,2.0,2.0,2.0,2.0,2.0,2.0,2.0,2.0,2.0,2.0,2.0,2.0,2.0,2.0,2.0,2.0,2.0,2.0,2.0,2.0,2.0,2.0,2.0,2.0,2.0,2.0,2.0,2.0,2.0,2.0,2.0,2.0,2.0,2.0,2.0,2.0,2.0,2.0,2.0,2.0,2.0,2.0,2.0,2.0,2.0,2.0,2.0,2.0,2.0,2.0,2.0,2.0,2.0,2.0,2.0,2.0,2.0,0.0,0.0,2.0,2.0,2.0,2.0,2.0,2.0,2.0,2.0,0.0,0.0,0.0,0.0,0.0,0.0,0.0,0.0,0.0,0.0,0.0,0.0,0.0,0.0,0.0,0.0,0.0,0.0,0.0,0.0,0.0,0.0,0.0,0.0,0.0,0.0,0.0,0.0,0.0,0.0,0.0,0.0,0.0,0.0,0.0,0.0,0.0,0.0,0.0,0.0,0.0,0.0,0.0,0.0,0.0,0.0,0.0,0.0,0.0,0.0,0.0,0.0,0.0,0.0,0.0,0.0,0.0,0.0,0.0,0.0,0.0,0.0,0.0,0.0,0.0,0.0,0.0,0.0,0.0,0.0
2014-12-22 18:00:00,4,4.0,0.0,3130.0,3130.0,0.0,1,3,0,1.0,3.0,0.0,0.0,0.0,0.0,15,4,0,3.0,3.0,0.0,0.0,0.0,0.0,4,4,4,4,4,4,4,4,4,4,4,4,4,4,4,4,3,3,4,3,4,4,4,4,4,4,4,4,4,4,4,4,4,4,4,4,4,4,3,3,3,3,3,3,3,3,3,3,3,3,3,3,3,3,3,3,3,3,3,3,3,3,3,3,3,3,3,3,3,3,4.0,4.0,4.0,4.0,4.0,4.0,4.0,4.0,4.0,4.0,4.0,4.0,4.0,4.0,4.0,4.0,3.0,3.0,4.0,3.0,4.0,4.0,4.0,4.0,4.0,4.0,4.0,4.0,4.0,4.0,4.0,4.0,4.0,4.0,4.0,4.0,4.0,4.0,3.0,3.0,3.0,3.0,3.0,3.0,3.0,3.0,3.0,3.0,3.0,3.0,3.0,3.0,3.0,3.0,3.0,3.0,3.0,3.0,3.0,3.0,3.0,3.0,3.0,3.0,3.0,3.0,3.0,3.0,3.0,3.0,0.0,0.0,0.0,0.0,0.0,0.0,0.0,0.0,0.0,0.0,0.0,0.0,0.0,0.0,0.0,0.0,0.0,0.0,0.0,0.0,0.0,0.0,0.0,0.0,0.0,0.0,0.0,0.0,0.0,0.0,0.0,0.0,0.0,0.0,0.0,0.0,0.0,0.0,0.0,0.0,0.0,0.0,0.0,0.0,0.0,0.0,0.0,0.0,0.0,0.0,0.0,0.0,0.0,0.0,0.0,0.0,0.0,0.0,0.0,0.0,0.0,0.0,0.0,0.0,0.0,0.0,0.0,0.0,0.0,0.0
2015-12-22 00:00:00,22,22.0,0.0,20905.0,20905.0,0.0,1,21,0,1.0,21.0,0.0,0.0,0.0,0.0,21,1,0,21.0,1.0,0.0,0.0,0.0,0.0,21,21,21,21,21,21,21,21,21,21,21,21,21,21,21,21,21,21,21,21,21,21,21,21,21,21,21,21,21,21,21,21,21,21,21,21,21,21,21,21,21,21,21,21,21,21,21,21,21,21,21,21,21,21,21,21,21,21,21,21,21,21,21,21,21,21,21,21,21,21,21.0,21.0,21.0,21.0,21.0,21.0,21.0,21.0,21.0,21.0,21.0,21.0,21.0,21.0,21.0,21.0,21.0,21.0,21.0,21.0,21.0,21.0,21.0,21.0,21.0,21.0,21.0,21.0,21.0,21.0,21.0,21.0,21.0,21.0,21.0,21.0,21.0,21.0,21.0,21.0,21.0,21.0,21.0,21.0,21.0,21.0,21.0,21.0,21.0,21.0,21.0,21.0,21.0,21.0,21.0,21.0,21.0,21.0,21.0,21.0,21.0,21.0,21.0,21.0,21.0,21.0,21.0,21.0,21.0,21.0,0.0,0.0,0.0,0.0,0.0,0.0,0.0,0.0,0.0,0.0,0.0,0.0,0.0,0.0,0.0,0.0,0.0,0.0,0.0,0.0,0.0,0.0,0.0,0.0,0.0,0.0,0.0,0.0,0.0,0.0,0.0,0.0,0.0,0.0,0.0,0.0,0.0,0.0,0.0,0.0,0.0,0.0,0.0,0.0,0.0,0.0,0.0,0.0,0.0,0.0,0.0,0.0,0.0,0.0,0.0,0.0,0.0,0.0,0.0,0.0,0.0,0.0,0.0,0.0,0.0,0.0,0.0,0.0,0.0,0.0
2015-12-22 06:00:00,2,2.0,0.0,1059.0,1059.0,0.0,0,2,0,0.0,2.0,0.0,0.0,0.0,0.0,23,1,0,23.0,1.0,0.0,0.0,0.0,0.0,1,1,1,1,1,1,1,1,1,1,1,1,1,1,1,1,2,2,1,2,1,1,1,1,1,1,1,1,1,1,1,1,1,1,1,1,1,1,2,2,2,2,2,2,2,2,2,2,2,2,2,2,2,2,2,2,2,2,2,2,2,2,2,2,2,2,2,2,2,2,1.0,1.0,1.0,1.0,1.0,1.0,1.0,1.0,1.0,1.0,1.0,1.0,1.0,1.0,1.0,1.0,2.0,2.0,1.0,2.0,1.0,1.0,1.0,1.0,1.0,1.0,1.0,1.0,1.0,1.0,1.0,1.0,1.0,1.0,1.0,1.0,1.0,1.0,2.0,2.0,2.0,2.0,2.0,2.0,2.0,2.0,2.0,2.0,2.0,2.0,2.0,2.0,2.0,2.0,2.0,2.0,2.0,2.0,2.0,2.0,2.0,2.0,2.0,2.0,2.0,2.0,2.0,2.0,2.0,2.0,0.0,0.0,0.0,0.0,0.0,0.0,0.0,0.0,0.0,0.0,0.0,0.0,0.0,0.0,0.0,0.0,0.0,0.0,0.0,0.0,0.0,0.0,0.0,0.0,0.0,0.0,0.0,0.0,0.0,0.0,0.0,0.0,0.0,0.0,0.0,0.0,0.0,0.0,0.0,0.0,0.0,0.0,0.0,0.0,0.0,0.0,0.0,0.0,0.0,0.0,0.0,0.0,0.0,0.0,0.0,0.0,0.0,0.0,0.0,0.0,0.0,0.0,0.0,0.0,0.0,0.0,0.0,0.0,0.0,0.0
2015-12-22 18:00:00,3,3.0,0.0,2079.0,2079.0,0.0,1,2,0,1.0,2.0,0.0,0.0,0.0,0.0,25,2,0,25.0,2.0,0.0,0.0,0.0,0.0,3,3,3,3,3,3,3,3,3,3,3,3,3,3,3,3,2,2,3,2,3,3,3,3,3,3,3,3,3,3,3,3,3,3,3,3,3,3,2,2,2,2,2,2,2,2,2,2,2,2,2,2,2,2,2,2,2,2,2,2,2,2,2,2,2,2,2,2,2,2,3.0,3.0,3.0,3.0,3.0,3.0,3.0,3.0,3.0,3.0,3.0,3.0,3.0,3.0,3.0,3.0,2.0,2.0,3.0,2.0,3.0,3.0,3.0,3.0,3.0,3.0,3.0,3.0,3.0,3.0,3.0,3.0,3.0,3.0,3.0,3.0,3.0,3.0,2.0,2.0,2.0,2.0,2.0,2.0,2.0,2.0,2.0,2.0,2.0,2.0,2.0,2.0,2.0,2.0,2.0,2.0,2.0,2.0,2.0,2.0,2.0,2.0,2.0,2.0,2.0,2.0,2.0,2.0,2.0,2.0,0.0,0.0,0.0,0.0,0.0,0.0,0.0,0.0,0.0,0.0,0.0,0.0,0.0,0.0,0.0,0.0,0.0,0.0,0.0,0.0,0.0,0.0,0.0,0.0,0.0,0.0,0.0,0.0,0.0,0.0,0.0,0.0,0.0,0.0,0.0,0.0,0.0,0.0,0.0,0.0,0.0,0.0,0.0,0.0,0.0,0.0,0.0,0.0,0.0,0.0,0.0,0.0,0.0,0.0,0.0,0.0,0.0,0.0,0.0,0.0,0.0,0.0,0.0,0.0,0.0,0.0,0.0,0.0,0.0,0.0
2016-12-22 00:00:00,10,10.0,0.0,8933.0,8933.0,0.0,0,10,0,0.0,10.0,0.0,0.0,0.0,0.0,10,0,0,10.0,0.0,0.0,0.0,0.0,0.0,9,9,9,9,9,9,9,9,9,9,9,9,9,9,9,9,10,10,9,10,9,9,9,9,9,9,9,9,9,9,9,9,9,9,9,9,9,9,10,10,10,10,10,10,10,10,10,10,10,10,10,10,10,10,10,10,10,10,10,10,10,10,10,10,10,10,10,10,10,10,9.0,9.0,9.0,9.0,9.0,9.0,9.0,9.0,9.0,9.0,9.0,9.0,9.0,9.0,9.0,9.0,10.0,10.0,9.0,10.0,9.0,9.0,9.0,9.0,9.0,9.0,9.0,9.0,9.0,9.0,9.0,9.0,9.0,9.0,9.0,9.0,9.0,9.0,10.0,10.0,10.0,10.0,10.0,10.0,10.0,10.0,10.0,10.0,10.0,10.0,10.0,10.0,10.0,10.0,10.0,10.0,10.0,10.0,10.0,10.0,10.0,10.0,10.0,10.0,10.0,10.0,10.0,10.0,10.0,10.0,0.0,0.0,0.0,0.0,0.0,0.0,0.0,0.0,0.0,0.0,0.0,0.0,0.0,0.0,0.0,0.0,0.0,0.0,0.0,0.0,0.0,0.0,0.0,0.0,0.0,0.0,0.0,0.0,0.0,0.0,0.0,0.0,0.0,0.0,0.0,0.0,0.0,0.0,0.0,0.0,0.0,0.0,0.0,0.0,0.0,0.0,0.0,0.0,0.0,0.0,0.0,0.0,0.0,0.0,0.0,0.0,0.0,0.0,0.0,0.0,0.0,0.0,0.0,0.0,0.0,0.0,0.0,0.0,0.0,0.0
2017-11-22 06:00:00,1,0.0,1.0,56.0,0.0,56.0,0,0,1,0.0,0.0,0.0,0.0,0.0,1.0,0,0,1,0.0,0.0,0.0,0.0,0.0,1.0,0,0,0,0,0,0,0,0,0,0,0,0,0,0,0,0,1,1,0,1,0,0,0,0,0,0,0,0,0,0,0,0,0,0,0,0,0,0,1,1,1,0,0,0,0,1,1,1,1,1,0,0,0,0,1,1,1,1,1,1,0,0,1,1,1,1,1,1,1,1,0.0,0.0,0.0,0.0,0.0,0.0,0.0,0.0,0.0,0.0,0.0,0.0,0.0,0.0,0.0,0.0,0.0,0.0,0.0,0.0,0.0,0.0,0.0,0.0,0.0,0.0,0.0,0.0,0.0,0.0,0.0,0.0,0.0,0.0,0.0,0.0,0.0,0.0,0.0,0.0,0.0,0.0,0.0,0.0,0.0,0.0,0.0,0.0,0.0,0.0,0.0,0.0,0.0,0.0,0.0,0.0,0.0,0.0,0.0,0.0,0.0,0.0,0.0,0.0,0.0,0.0,0.0,0.0,0.0,0.0,0.0,0.0,0.0,0.0,0.0,0.0,0.0,0.0,0.0,0.0,0.0,0.0,0.0,0.0,0.0,0.0,1.0,1.0,0.0,1.0,0.0,0.0,0.0,0.0,0.0,0.0,0.0,0.0,0.0,0.0,0.0,0.0,0.0,0.0,0.0,0.0,0.0,0.0,1.0,1.0,1.0,0.0,0.0,0.0,0.0,1.0,1.0,1.0,1.0,1.0,0.0,0.0,0.0,0.0,1.0,1.0,1.0,1.0,1.0,1.0,0.0,0.0,1.0,1.0,1.0,1.0,1.0,1.0,1.0,1.0
2017-11-22 12:00:00,1,1.0,0.0,55.0,55.0,0.0,0,0,1,0.0,0.0,1.0,0.0,0.0,0.0,0,0,2,0.0,0.0,1.0,0.0,0.0,0.0,0,0,0,0,0,0,0,0,0,0,0,0,0,0,0,0,1,1,0,1,0,0,0,0,0,0,0,0,0,0,0,0,0,0,0,0,0,0,1,1,1,0,0,0,0,1,1,1,1,1,0,0,0,0,1,1,1,1,1,1,0,0,1,1,1,1,1,1,1,1,0.0,0.0,0.0,0.0,0.0,0.0,0.0,0.0,0.0,0.0,0.0,0.0,0.0,0.0,0.0,0.0,1.0,1.0,0.0,1.0,0.0,0.0,0.0,0.0,0.0,0.0,0.0,0.0,0.0,0.0,0.0,0.0,0.0,0.0,0.0,0.0,0.0,0.0,1.0,1.0,1.0,0.0,0.0,0.0,0.0,1.0,1.0,1.0,1.0,1.0,0.0,0.0,0.0,0.0,1.0,1.0,1.0,1.0,1.0,1.0,0.0,0.0,1.0,1.0,1.0,1.0,1.0,1.0,1.0,1.0,0.0,0.0,0.0,0.0,0.0,0.0,0.0,0.0,0.0,0.0,0.0,0.0,0.0,0.0,0.0,0.0,0.0,0.0,0.0,0.0,0.0,0.0,0.0,0.0,0.0,0.0,0.0,0.0,0.0,0.0,0.0,0.0,0.0,0.0,0.0,0.0,0.0,0.0,0.0,0.0,0.0,0.0,0.0,0.0,0.0,0.0,0.0,0.0,0.0,0.0,0.0,0.0,0.0,0.0,0.0,0.0,0.0,0.0,0.0,0.0,0.0,0.0,0.0,0.0,0.0,0.0,0.0,0.0,0.0,0.0
2019-12-22 06:00:00,2,0.0,2.0,3579.0,0.0,3579.0,2,0,0,0.0,0.0,0.0,2.0,0.0,0.0,0,2,0,0.0,0.0,0.0,0.0,2.0,0.0,2,2,2,2,2,2,2,2,2,2,2,2,2,2,2,2,1,1,2,1,2,2,2,2,2,2,2,2,2,2,2,2,2,2,2,2,2,2,1,1,1,1,1,1,1,1,1,1,1,1,1,1,1,1,1,1,1,1,1,1,0,0,1,1,1,1,1,1,1,1,0.0,0.0,0.0,0.0,0.0,0.0,0.0,0.0,0.0,0.0,0.0,0.0,0.0,0.0,0.0,0.0,0.0,0.0,0.0,0.0,0.0,0.0,0.0,0.0,0.0,0.0,0.0,0.0,0.0,0.0,0.0,0.0,0.0,0.0,0.0,0.0,0.0,0.0,0.0,0.0,0.0,0.0,0.0,0.0,0.0,0.0,0.0,0.0,0.0,0.0,0.0,0.0,0.0,0.0,0.0,0.0,0.0,0.0,0.0,0.0,0.0,0.0,0.0,0.0,0.0,0.0,0.0,0.0,0.0,0.0,2.0,2.0,2.0,2.0,2.0,2.0,2.0,2.0,2.0,2.0,2.0,2.0,2.0,2.0,2.0,2.0,1.0,1.0,2.0,1.0,2.0,2.0,2.0,2.0,2.0,2.0,2.0,2.0,2.0,2.0,2.0,2.0,2.0,2.0,2.0,2.0,2.0,2.0,1.0,1.0,1.0,1.0,1.0,1.0,1.0,1.0,1.0,1.0,1.0,1.0,1.0,1.0,1.0,1.0,1.0,1.0,1.0,1.0,1.0,1.0,0.0,0.0,1.0,1.0,1.0,1.0,1.0,1.0,1.0,1.0
2019-12-22 12:00:00,11,0.0,11.0,15344.0,0.0,15344.0,0,10,1,0.0,0.0,0.0,0.0,10.0,1.0,10,2,1,0.0,0.0,0.0,10.0,2.0,1.0,10,10,10,10,10,10,10,10,10,10,10,10,10,10,10,10,11,11,10,11,10,10,10,10,10,10,10,10,10,10,10,10,10,10,10,10,10,10,11,11,11,11,11,11,11,11,11,11,11,11,11,11,11,11,11,11,11,11,11,11,10,10,11,11,11,11,11,11,11,11,0.0,0.0,0.0,0.0,0.0,0.0,0.0,0.0,0.0,0.0,0.0,0.0,0.0,0.0,0.0,0.0,0.0,0.0,0.0,0.0,0.0,0.0,0.0,0.0,0.0,0.0,0.0,0.0,0.0,0.0,0.0,0.0,0.0,0.0,0.0,0.0,0.0,0.0,0.0,0.0,0.0,0.0,0.0,0.0,0.0,0.0,0.0,0.0,0.0,0.0,0.0,0.0,0.0,0.0,0.0,0.0,0.0,0.0,0.0,0.0,0.0,0.0,0.0,0.0,0.0,0.0,0.0,0.0,0.0,0.0,10.0,10.0,10.0,10.0,10.0,10.0,10.0,10.0,10.0,10.0,10.0,10.0,10.0,10.0,10.0,10.0,11.0,11.0,10.0,11.0,10.0,10.0,10.0,10.0,10.0,10.0,10.0,10.0,10.0,10.0,10.0,10.0,10.0,10.0,10.0,10.0,10.0,10.0,11.0,11.0,11.0,11.0,11.0,11.0,11.0,11.0,11.0,11.0,11.0,11.0,11.0,11.0,11.0,11.0,11.0,11.0,11.0,11.0,11.0,11.0,10.0,10.0,11.0,11.0,11.0,11.0,11.0,11.0,11.0,11.0
2020-12-22 06:00:00,13,0.0,13.0,13383.0,0.0,13383.0,1,12,0,0.0,0.0,0.0,1.0,12.0,0.0,12,1,0,0.0,0.0,0.0,12.0,1.0,0.0,13,13,13,13,13,13,13,13,13,13,13,13,13,13,13,13,12,12,13,12,13,13,13,13,13,13,13,13,13,13,13,13,13,13,13,13,13,13,12,12,12,12,12,12,12,12,12,12,12,12,12,12,12,12,12,12,12,12,12,12,12,12,12,12,12,12,12,12,12,12,0.0,0.0,0.0,0.0,0.0,0.0,0.0,0.0,0.0,0.0,0.0,0.0,0.0,0.0,0.0,0.0,0.0,0.0,0.0,0.0,0.0,0.0,0.0,0.0,0.0,0.0,0.0,0.0,0.0,0.0,0.0,0.0,0.0,0.0,0.0,0.0,0.0,0.0,0.0,0.0,0.0,0.0,0.0,0.0,0.0,0.0,0.0,0.0,0.0,0.0,0.0,0.0,0.0,0.0,0.0,0.0,0.0,0.0,0.0,0.0,0.0,0.0,0.0,0.0,0.0,0.0,0.0,0.0,0.0,0.0,13.0,13.0,13.0,13.0,13.0,13.0,13.0,13.0,13.0,13.0,13.0,13.0,13.0,13.0,13.0,13.0,12.0,12.0,13.0,12.0,13.0,13.0,13.0,13.0,13.0,13.0,13.0,13.0,13.0,13.0,13.0,13.0,13.0,13.0,13.0,13.0,13.0,13.0,12.0,12.0,12.0,12.0,12.0,12.0,12.0,12.0,12.0,12.0,12.0,12.0,12.0,12.0,12.0,12.0,12.0,12.0,12.0,12.0,12.0,12.0,12.0,12.0,12.0,12.0,12.0,12.0,12.0,12.0,12.0,12.0
2020-12-22 12:00:00,20,0.0,20.0,20562.0,0.0,20562.0,1,19,0,0.0,0.0,0.0,1.0,19.0,0.0,31,2,0,0.0,0.0,0.0,31.0,2.0,0.0,19,19,19,19,19,19,19,19,19,19,19,19,19,19,19,19,19,19,19,19,19,19,19,19,19,19,19,19,19,19,19,19,19,19,19,19,19,19,19,19,19,19,19,19,19,19,19,19,19,19,19,19,19,19,19,19,19,19,19,19,19,19,19,19,19,19,19,19,19,19,0.0,0.0,0.0,0.0,0.0,0.0,0.0,0.0,0.0,0.0,0.0,0.0,0.0,0.0,0.0,0.0,0.0,0.0,0.0,0.0,0.0,0.0,0.0,0.0,0.0,0.0,0.0,0.0,0.0,0.0,0.0,0.0,0.0,0.0,0.0,0.0,0.0,0.0,0.0,0.0,0.0,0.0,0.0,0.0,0.0,0.0,0.0,0.0,0.0,0.0,0.0,0.0,0.0,0.0,0.0,0.0,0.0,0.0,0.0,0.0,0.0,0.0,0.0,0.0,0.0,0.0,0.0,0.0,0.0,0.0,19.0,19.0,19.0,19.0,19.0,19.0,19.0,19.0,19.0,19.0,19.0,19.0,19.0,19.0,19.0,19.0,19.0,19.0,19.0,19.0,19.0,19.0,19.0,19.0,19.0,19.0,19.0,19.0,19.0,19.0,19.0,19.0,19.0,19.0,19.0,19.0,19.0,19.0,19.0,19.0,19.0,19.0,19.0,19.0,19.0,19.0,19.0,19.0,19.0,19.0,19.0,19.0,19.0,19.0,19.0,19.0,19.0,19.0,19.0,19.0,19.0,19.0,19.0,19.0,19.0,19.0,19.0,19.0,19.0,19.0
2020-12-22 18:00:00,5,0.0,5.0,4320.0,0.0,4320.0,0,5,0,0.0,0.0,0.0,0.0,5.0,0.0,36,2,0,0.0,0.0,0.0,36.0,2.0,0.0,4,4,4,4,4,4,4,4,4,4,4,4,4,4,4,4,5,5,4,5,4,4,4,4,4,4,4,4,4,4,4,4,4,4,4,4,4,4,5,5,5,5,5,5,5,5,5,5,5,5,5,5,5,5,5,5,5,5,5,5,5,5,5,5,5,5,5,5,5,5,0.0,0.0,0.0,0.0,0.0,0.0,0.0,0.0,0.0,0.0,0.0,0.0,0.0,0.0,0.0,0.0,0.0,0.0,0.0,0.0,0.0,0.0,0.0,0.0,0.0,0.0,0.0,0.0,0.0,0.0,0.0,0.0,0.0,0.0,0.0,0.0,0.0,0.0,0.0,0.0,0.0,0.0,0.0,0.0,0.0,0.0,0.0,0.0,0.0,0.0,0.0,0.0,0.0,0.0,0.0,0.0,0.0,0.0,0.0,0.0,0.0,0.0,0.0,0.0,0.0,0.0,0.0,0.0,0.0,0.0,4.0,4.0,4.0,4.0,4.0,4.0,4.0,4.0,4.0,4.0,4.0,4.0,4.0,4.0,4.0,4.0,5.0,5.0,4.0,5.0,4.0,4.0,4.0,4.0,4.0,4.0,4.0,4.0,4.0,4.0,4.0,4.0,4.0,4.0,4.0,4.0,4.0,4.0,5.0,5.0,5.0,5.0,5.0,5.0,5.0,5.0,5.0,5.0,5.0,5.0,5.0,5.0,5.0,5.0,5.0,5.0,5.0,5.0,5.0,5.0,5.0,5.0,5.0,5.0,5.0,5.0,5.0,5.0,5.0,5.0
2022-11-22 06:00:00,2,2.0,0.0,2759.0,2759.0,0.0,2,0,0,2.0,0.0,0.0,0.0,0.0,0.0,0,2,0,0.0,2.0,0.0,0.0,0.0,0.0,2,2,2,2,2,2,2,2,2,2,2,2,2,2,2,2,2,2,2,2,2,2,2,2,2,2,2,2,2,2,2,2,2,2,2,2,2,2,2,2,2,2,2,2,2,2,2,2,2,2,2,2,2,2,2,2,2,2,2,2,0,0,2,2,2,1,2,2,2,2,2.0,2.0,2.0,2.0,2.0,2.0,2.0,2.0,2.0,2.0,2.0,2.0,2.0,2.0,2.0,2.0,2.0,2.0,2.0,2.0,2.0,2.0,2.0,2.0,2.0,2.0,2.0,2.0,2.0,2.0,2.0,2.0,2.0,2.0,2.0,2.0,2.0,2.0,2.0,2.0,2.0,2.0,2.0,2.0,2.0,2.0,2.0,2.0,2.0,2.0,2.0,2.0,2.0,2.0,2.0,2.0,2.0,2.0,2.0,2.0,0.0,0.0,2.0,2.0,2.0,1.0,2.0,2.0,2.0,2.0,0.0,0.0,0.0,0.0,0.0,0.0,0.0,0.0,0.0,0.0,0.0,0.0,0.0,0.0,0.0,0.0,0.0,0.0,0.0,0.0,0.0,0.0,0.0,0.0,0.0,0.0,0.0,0.0,0.0,0.0,0.0,0.0,0.0,0.0,0.0,0.0,0.0,0.0,0.0,0.0,0.0,0.0,0.0,0.0,0.0,0.0,0.0,0.0,0.0,0.0,0.0,0.0,0.0,0.0,0.0,0.0,0.0,0.0,0.0,0.0,0.0,0.0,0.0,0.0,0.0,0.0,0.0,0.0,0.0,0.0
2022-11-22 12:00:00,19,19.0,0.0,20285.0,20285.0,0.0,2,17,0,2.0,17.0,0.0,0.0,0.0,0.0,17,4,0,17.0,4.0,0.0,0.0,0.0,0.0,19,19,19,19,19,19,19,19,19,19,19,19,19,19,19,19,18,18,19,18,19,19,19,19,19,19,19,19,19,19,19,19,19,19,19,19,19,19,18,18,18,18,18,18,18,18,18,18,18,18,18,18,18,18,18,18,18,18,18,18,18,17,18,18,18,17,18,18,18,18,19.0,19.0,19.0,19.0,19.0,19.0,19.0,19.0,19.0,19.0,19.0,19.0,19.0,19.0,19.0,19.0,18.0,18.0,19.0,18.0,19.0,19.0,19.0,19.0,19.0,19.0,19.0,19.0,19.0,19.0,19.0,19.0,19.0,19.0,19.0,19.0,19.0,19.0,18.0,18.0,18.0,18.0,18.0,18.0,18.0,18.0,18.0,18.0,18.0,18.0,18.0,18.0,18.0,18.0,18.0,18.0,18.0,18.0,18.0,18.0,18.0,17.0,18.0,18.0,18.0,17.0,18.0,18.0,18.0,18.0,0.0,0.0,0.0,0.0,0.0,0.0,0.0,0.0,0.0,0.0,0.0,0.0,0.0,0.0,0.0,0.0,0.0,0.0,0.0,0.0,0.0,0.0,0.0,0.0,0.0,0.0,0.0,0.0,0.0,0.0,0.0,0.0,0.0,0.0,0.0,0.0,0.0,0.0,0.0,0.0,0.0,0.0,0.0,0.0,0.0,0.0,0.0,0.0,0.0,0.0,0.0,0.0,0.0,0.0,0.0,0.0,0.0,0.0,0.0,0.0,0.0,0.0,0.0,0.0,0.0,0.0,0.0,0.0,0.0,0.0
2022-11-22 18:00:00,5,5.0,0.0,5641.0,5641.0,0.0,1,4,0,1.0,4.0,0.0,0.0,0.0,0.0,21,5,0,21.0,5.0,0.0,0.0,0.0,0.0,4,4,4,4,4,4,4,4,4,4,4,4,4,4,4,4,5,5,4,5,4,4,4,4,4,4,4,4,4,4,4,4,4,4,4,4,4,4,5,5,5,5,5,5,5,5,5,5,5,5,5,5,5,5,5,5,5,5,5,5,4,4,5,5,5,5,5,5,5,5,4.0,4.0,4.0,4.0,4.0,4.0,4.0,4.0,4.0,4.0,4.0,4.0,4.0,4.0,4.0,4.0,5.0,5.0,4.0,5.0,4.0,4.0,4.0,4.0,4.0,4.0,4.0,4.0,4.0,4.0,4.0,4.0,4.0,4.0,4.0,4.0,4.0,4.0,5.0,5.0,5.0,5.0,5.0,5.0,5.0,5.0,5.0,5.0,5.0,5.0,5.0,5.0,5.0,5.0,5.0,5.0,5.0,5.0,5.0,5.0,4.0,4.0,5.0,5.0,5.0,5.0,5.0,5.0,5.0,5.0,0.0,0.0,0.0,0.0,0.0,0.0,0.0,0.0,0.0,0.0,0.0,0.0,0.0,0.0,0.0,0.0,0.0,0.0,0.0,0.0,0.0,0.0,0.0,0.0,0.0,0.0,0.0,0.0,0.0,0.0,0.0,0.0,0.0,0.0,0.0,0.0,0.0,0.0,0.0,0.0,0.0,0.0,0.0,0.0,0.0,0.0,0.0,0.0,0.0,0.0,0.0,0.0,0.0,0.0,0.0,0.0,0.0,0.0,0.0,0.0,0.0,0.0,0.0,0.0,0.0,0.0,0.0,0.0,0.0,0.0
2023-11-22 06:00:00,12,12.0,0.0,11356.0,11356.0,0.0,1,11,0,1.0,11.0,0.0,0.0,0.0,0.0,11,1,0,11.0,1.0,0.0,0.0,0.0,0.0,12,12,12,12,12,12,12,12,12,12,12,12,12,12,12,12,11,11,12,11,12,12,12,12,12,12,12,12,12,12,12,12,12,12,12,12,12,12,11,11,11,11,11,11,11,11,11,11,11,11,11,11,11,11,11,11,11,11,11,11,11,11,11,11,11,11,11,11,11,11,12.0,12.0,12.0,12.0,12.0,12.0,12.0,12.0,12.0,12.0,12.0,12.0,12.0,12.0,12.0,12.0,11.0,11.0,12.0,11.0,12.0,12.0,12.0,12.0,12.0,12.0,12.0,12.0,12.0,12.0,12.0,12.0,12.0,12.0,12.0,12.0,12.0,12.0,11.0,11.0,11.0,11.0,11.0,11.0,11.0,11.0,11.0,11.0,11.0,11.0,11.0,11.0,11.0,11.0,11.0,11.0,11.0,11.0,11.0,11.0,11.0,11.0,11.0,11.0,11.0,11.0,11.0,11.0,11.0,11.0,0.0,0.0,0.0,0.0,0.0,0.0,0.0,0.0,0.0,0.0,0.0,0.0,0.0,0.0,0.0,0.0,0.0,0.0,0.0,0.0,0.0,0.0,0.0,0.0,0.0,0.0,0.0,0.0,0.0,0.0,0.0,0.0,0.0,0.0,0.0,0.0,0.0,0.0,0.0,0.0,0.0,0.0,0.0,0.0,0.0,0.0,0.0,0.0,0.0,0.0,0.0,0.0,0.0,0.0,0.0,0.0,0.0,0.0,0.0,0.0,0.0,0.0,0.0,0.0,0.0,0.0,0.0,0.0,0.0,0.0
2023-11-22 12:00:00,13,13.0,0.0,14843.0,14843.0,0.0,2,11,0,2.0,11.0,0.0,0.0,0.0,0.0,22,3,0,22.0,3.0,0.0,0.0,0.0,0.0,12,12,12,12,12,12,12,12,12,12,12,12,12,12,12,12,13,13,12,13,12,12,12,12,12,12,12,12,12,12,12,12,12,12,12,12,12,12,13,13,13,13,13,13,13,13,13,13,13,13,13,13,13,13,13,13,13,13,13,13,12,11,13,13,13,13,13,13,13,13,12.0,12.0,12.0,12.0,12.0,12.0,12.0,12.0,12.0,12.0,12.0,12.0,12.0,12.0,12.0,12.0,13.0,13.0,12.0,13.0,12.0,12.0,12.0,12.0,12.0,12.0,12.0,12.0,12.0,12.0,12.0,12.0,12.0,12.0,12.0,12.0,12.0,12.0,13.0,13.0,13.0,13.0,13.0,13.0,13.0,13.0,13.0,13.0,13.0,13.0,13.0,13.0,13.0,13.0,13.0,13.0,13.0,13.0,13.0,13.0,12.0,11.0,13.0,13.0,13.0,13.0,13.0,13.0,13.0,13.0,0.0,0.0,0.0,0.0,0.0,0.0,0.0,0.0,0.0,0.0,0.0,0.0,0.0,0.0,0.0,0.0,0.0,0.0,0.0,0.0,0.0,0.0,0.0,0.0,0.0,0.0,0.0,0.0,0.0,0.0,0.0,0.0,0.0,0.0,0.0,0.0,0.0,0.0,0.0,0.0,0.0,0.0,0.0,0.0,0.0,0.0,0.0,0.0,0.0,0.0,0.0,0.0,0.0,0.0,0.0,0.0,0.0,0.0,0.0,0.0,0.0,0.0,0.0,0.0,0.0,0.0,0.0,0.0,0.0,0.0
2028-11-22 06:00:00,3,3.0,0.0,7585.0,7585.0,0.0,3,0,0,3.0,0.0,0.0,0.0,0.0,0.0,0,3,0,0.0,3.0,0.0,0.0,0.0,0.0,3,3,3,3,3,3,3,3,3,3,3,3,3,3,3,3,3,3,3,3,3,3,3,3,3,3,3,3,3,3,3,3,3,3,3,3,3,3,3,3,3,3,3,0,0,3,3,3,3,3,3,3,0,0,3,3,3,3,3,3,0,0,3,3,3,3,3,3,3,3,3.0,3.0,3.0,3.0,3.0,3.0,3.0,3.0,3.0,3.0,3.0,3.0,3.0,3.0,3.0,3.0,3.0,3.0,3.0,3.0,3.0,3.0,3.0,3.0,3.0,3.0,3.0,3.0,3.0,3.0,3.0,3.0,3.0,3.0,3.0,3.0,3.0,3.0,3.0,3.0,3.0,3.0,3.0,0.0,0.0,3.0,3.0,3.0,3.0,3.0,3.0,3.0,0.0,0.0,3.0,3.0,3.0,3.0,3.0,3.0,0.0,0.0,3.0,3.0,3.0,3.0,3.0,3.0,3.0,3.0,0.0,0.0,0.0,0.0,0.0,0.0,0.0,0.0,0.0,0.0,0.0,0.0,0.0,0.0,0.0,0.0,0.0,0.0,0.0,0.0,0.0,0.0,0.0,0.0,0.0,0.0,0.0,0.0,0.0,0.0,0.0,0.0,0.0,0.0,0.0,0.0,0.0,0.0,0.0,0.0,0.0,0.0,0.0,0.0,0.0,0.0,0.0,0.0,0.0,0.0,0.0,0.0,0.0,0.0,0.0,0.0,0.0,0.0,0.0,0.0,0.0,0.0,0.0,0.0,0.0,0.0,0.0,0.0,0.0,0.0
2028-11-22 12:00:00,10,10.0,0.0,15095.0,15095.0,0.0,3,7,0,3.0,7.0,0.0,0.0,0.0,0.0,7,6,0,7.0,6.0,0.0,0.0,0.0,0.0,10,10,10,10,10,10,10,10,10,10,10,10,10,10,10,10,10,10,10,10,10,10,10,10,10,10,10,10,10,10,10,10,10,10,10,10,10,10,10,10,10,10,10,0,0,10,10,10,10,10,10,10,0,0,10,10,10,10,10,10,7,7,10,10,10,10,10,10,10,10,10.0,10.0,10.0,10.0,10.0,10.0,10.0,10.0,10.0,10.0,10.0,10.0,10.0,10.0,10.0,10.0,10.0,10.0,10.0,10.0,10.0,10.0,10.0,10.0,10.0,10.0,10.0,10.0,10.0,10.0,10.0,10.0,10.0,10.0,10.0,10.0,10.0,10.0,10.0,10.0,10.0,10.0,10.0,0.0,0.0,10.0,10.0,10.0,10.0,10.0,10.0,10.0,0.0,0.0,10.0,10.0,10.0,10.0,10.0,10.0,7.0,7.0,10.0,10.0,10.0,10.0,10.0,10.0,10.0,10.0,0.0,0.0,0.0,0.0,0.0,0.0,0.0,0.0,0.0,0.0,0.0,0.0,0.0,0.0,0.0,0.0,0.0,0.0,0.0,0.0,0.0,0.0,0.0,0.0,0.0,0.0,0.0,0.0,0.0,0.0,0.0,0.0,0.0,0.0,0.0,0.0,0.0,0.0,0.0,0.0,0.0,0.0,0.0,0.0,0.0,0.0,0.0,0.0,0.0,0.0,0.0,0.0,0.0,0.0,0.0,0.0,0.0,0.0,0.0,0.0,0.0,0.0,0.0,0.0,0.0,0.0,0.0,0.0,0.0,0.0
2028-11-22 18:00:00,20,20.0,0.0,19809.0,19809.0,0.0,1,19,0,1.0,19.0,0.0,0.0,0.0,0.0,26,7,0,26.0,7.0,0.0,0.0,0.0,0.0,20,20,20,20,20,20,20,20,20,20,20,20,20,20,20,20,19,19,20,19,20,20,20,20,20,20,20,20,20,20,20,20,20,20,20,20,20,20,19,19,19,19,19,0,0,19,19,19,19,19,19,19,0,0,19,19,19,19,19,19,19,19,19,19,19,19,19,19,19,19,20.0,20.0,20.0,20.0,20.0,20.0,20.0,20.0,20.0,20.0,20.0,20.0,20.0,20.0,20.0,20.0,19.0,19.0,20.0,19.0,20.0,20.0,20.0,20.0,20.0,20.0,20.0,20.0,20.0,20.0,20.0,20.0,20.0,20.0,20.0,20.0,20.0,20.0,19.0,19.0,19.0,19.0,19.0,0.0,0.0,19.0,19.0,19.0,19.0,19.0,19.0,19.0,0.0,0.0,19.0,19.0,19.0,19.0,19.0,19.0,19.0,19.0,19.0,19.0,19.0,19.0,19.0,19.0,19.0,19.0,0.0,0.0,0.0,0.0,0.0,0.0,0.0,0.0,0.0,0.0,0.0,0.0,0.0,0.0,0.0,0.0,0.0,0.0,0.0,0.0,0.0,0.0,0.0,0.0,0.0,0.0,0.0,0.0,0.0,0.0,0.0,0.0,0.0,0.0,0.0,0.0,0.0,0.0,0.0,0.0,0.0,0.0,0.0,0.0,0.0,0.0,0.0,0.0,0.0,0.0,0.0,0.0,0.0,0.0,0.0,0.0,0.0,0.0,0.0,0.0,0.0,0.0,0.0,0.0,0.0,0.0,0.0,0.0,0.0,0.0
2029-11-22 00:00:00,21,21.0,0.0,20687.0,20687.0,0.0,2,19,0,2.0,19.0,0.0,0.0,0.0,0.0,19,2,0,19.0,2.0,0.0,0.0,0.0,0.0,20,20,20,20,20,20,20,20,20,20,20,20,20,20,20,20,20,20,20,20,20,20,20,20,20,20,20,20,20,20,20,20,20,20,20,20,20,20,20,20,20,20,20,0,0,20,20,20,20,20,20,20,0,0,20,20,20,20,20,20,19,19,20,20,19,19,20,20,20,20,20.0,20.0,20.0,20.0,20.0,20.0,20.0,20.0,20.0,20.0,20.0,20.0,20.0,20.0,20.0,20.0,20.0,20.0,20.0,20.0,20.0,20.0,20.0,20.0,20.0,20.0,20.0,20.0,20.0,20.0,20.0,20.0,20.0,20.0,20.0,20.0,20.0,20.0,20.0,20.0,20.0,20.0,20.0,0.0,0.0,20.0,20.0,20.0,20.0,20.0,20.0,20.0,0.0,0.0,20.0,20.0,20.0,20.0,20.0,20.0,19.0,19.0,20.0,20.0,19.0,19.0,20.0,20.0,20.0,20.0,0.0,0.0,0.0,0.0,0.0,0.0,0.0,0.0,0.0,0.0,0.0,0.0,0.0,0.0,0.0,0.0,0.0,0.0,0.0,0.0,0.0,0.0,0.0,0.0,0.0,0.0,0.0,0.0,0.0,0.0,0.0,0.0,0.0,0.0,0.0,0.0,0.0,0.0,0.0,0.0,0.0,0.0,0.0,0.0,0.0,0.0,0.0,0.0,0.0,0.0,0.0,0.0,0.0,0.0,0.0,0.0,0.0,0.0,0.0,0.0,0.0,0.0,0.0,0.0,0.0,0.0,0.0,0.0,0.0,0.0
2029-11-22 06:00:00,25,19.0,6.0,20801.0,20801.0,9525.0,6,19,0,2.0,17.0,0.0,4.0,2.0,0.0,38,8,0,36.0,4.0,0.0,2.0,4.0,0.0,24,24,24,24,24,24,24,24,24,24,24,24,24,24,24,24,23,23,24,23,24,24,24,24,24,24,24,24,24,24,24,24,24,24,24,24,24,24,23,23,23,18,18,0,0,23,23,23,23,23,18,18,0,0,23,23,23,23,23,23,19,19,23,23,22,20,23,23,23,23,18.0,18.0,18.0,18.0,18.0,18.0,18.0,18.0,18.0,18.0,18.0,18.0,18.0,18.0,18.0,18.0,18.0,18.0,18.0,18.0,18.0,18.0,18.0,18.0,18.0,18.0,18.0,18.0,18.0,18.0,18.0,18.0,18.0,18.0,18.0,18.0,18.0,18.0,18.0,18.0,18.0,18.0,18.0,0.0,0.0,18.0,18.0,18.0,18.0,18.0,18.0,18.0,0.0,0.0,18.0,18.0,18.0,18.0,18.0,18.0,17.0,17.0,18.0,18.0,17.0,17.0,18.0,18.0,18.0,18.0,6.0,6.0,6.0,6.0,6.0,6.0,6.0,6.0,6.0,6.0,6.0,6.0,6.0,6.0,6.0,6.0,5.0,5.0,6.0,5.0,6.0,6.0,6.0,6.0,6.0,6.0,6.0,6.0,6.0,6.0,6.0,6.0,6.0,6.0,6.0,6.0,6.0,6.0,5.0,5.0,5.0,0.0,0.0,0.0,0.0,5.0,5.0,5.0,5.0,5.0,0.0,0.0,0.0,0.0,5.0,5.0,5.0,5.0,5.0,5.0,2.0,2.0,5.0,5.0,5.0,3.0,5.0,5.0,5.0,5.0
2029-11-22 12:00:00,17,2.0,15.0,20548.0,2433.0,20548.0,2,15,0,0.0,2.0,0.0,2.0,13.0,0.0,53,10,0,38.0,4.0,0.0,15.0,6.0,0.0,15,15,15,15,15,15,15,15,15,15,15,15,15,15,15,15,16,16,15,16,15,15,15,15,15,15,15,15,15,15,15,15,15,15,15,15,15,15,16,16,16,2,2,0,0,16,16,16,16,16,2,2,0,0,16,16,16,16,16,16,15,15,16,16,15,15,16,16,16,16,1.0,1.0,1.0,1.0,1.0,1.0,1.0,1.0,1.0,1.0,1.0,1.0,1.0,1.0,1.0,1.0,2.0,2.0,1.0,2.0,1.0,1.0,1.0,1.0,1.0,1.0,1.0,1.0,1.0,1.0,1.0,1.0,1.0,1.0,1.0,1.0,1.0,1.0,2.0,2.0,2.0,2.0,2.0,0.0,0.0,2.0,2.0,2.0,2.0,2.0,2.0,2.0,0.0,0.0,2.0,2.0,2.0,2.0,2.0,2.0,2.0,2.0,2.0,2.0,2.0,2.0,2.0,2.0,2.0,2.0,14.0,14.0,14.0,14.0,14.0,14.0,14.0,14.0,14.0,14.0,14.0,14.0,14.0,14.0,14.0,14.0,14.0,14.0,14.0,14.0,14.0,14.0,14.0,14.0,14.0,14.0,14.0,14.0,14.0,14.0,14.0,14.0,14.0,14.0,14.0,14.0,14.0,14.0,14.0,14.0,14.0,0.0,0.0,0.0,0.0,14.0,14.0,14.0,14.0,14.0,0.0,0.0,0.0,0.0,14.0,14.0,14.0,14.0,14.0,14.0,13.0,13.0,14.0,14.0,13.0,13.0,14.0,14.0,14.0,14.0
2029-11-22 18:00:00,17,0.0,17.0,20418.0,0.0,20418.0,1,16,0,0.0,0.0,0.0,1.0,16.0,0.0,69,11,0,0.0,0.0,0.0,31.0,7.0,0.0,16,16,16,16,16,16,16,16,16,16,16,16,16,16,16,16,16,16,16,16,16,16,16,16,16,16,16,16,16,16,16,16,16,16,16,16,16,16,16,16,16,0,0,0,0,16,16,16,16,16,0,0,0,0,16,16,16,16,16,16,16,16,16,16,16,16,16,16,16,16,0.0,0.0,0.0,0.0,0.0,0.0,0.0,0.0,0.0,0.0,0.0,0.0,0.0,0.0,0.0,0.0,0.0,0.0,0.0,0.0,0.0,0.0,0.0,0.0,0.0,0.0,0.0,0.0,0.0,0.0,0.0,0.0,0.0,0.0,0.0,0.0,0.0,0.0,0.0,0.0,0.0,0.0,0.0,0.0,0.0,0.0,0.0,0.0,0.0,0.0,0.0,0.0,0.0,0.0,0.0,0.0,0.0,0.0,0.0,0.0,0.0,0.0,0.0,0.0,0.0,0.0,0.0,0.0,0.0,0.0,16.0,16.0,16.0,16.0,16.0,16.0,16.0,16.0,16.0,16.0,16.0,16.0,16.0,16.0,16.0,16.0,16.0,16.0,16.0,16.0,16.0,16.0,16.0,16.0,16.0,16.0,16.0,16.0,16.0,16.0,16.0,16.0,16.0,16.0,16.0,16.0,16.0,16.0,16.0,16.0,16.0,0.0,0.0,0.0,0.0,16.0,16.0,16.0,16.0,16.0,0.0,0.0,0.0,0.0,16.0,16.0,16.0,16.0,16.0,16.0,16.0,16.0,16.0,16.0,16.0,16.0,16.0,16.0,16.0,16.0
2030-11-22 00:00:00,16,0.0,16.0,21050.0,0.0,21050.0,1,15,0,0.0,0.0,0.0,1.0,15.0,0.0,15,1,0,0.0,0.0,0.0,15.0,1.0,0.0,15,15,15,15,15,15,15,15,15,15,15,15,15,15,15,15,15,15,15,15,15,15,15,15,15,15,15,15,15,15,15,15,15,15,15,15,15,15,15,15,15,0,0,0,0,15,15,15,15,15,0,0,0,0,15,15,15,15,15,15,15,15,15,15,15,15,15,15,15,15,0.0,0.0,0.0,0.0,0.0,0.0,0.0,0.0,0.0,0.0,0.0,0.0,0.0,0.0,0.0,0.0,0.0,0.0,0.0,0.0,0.0,0.0,0.0,0.0,0.0,0.0,0.0,0.0,0.0,0.0,0.0,0.0,0.0,0.0,0.0,0.0,0.0,0.0,0.0,0.0,0.0,0.0,0.0,0.0,0.0,0.0,0.0,0.0,0.0,0.0,0.0,0.0,0.0,0.0,0.0,0.0,0.0,0.0,0.0,0.0,0.0,0.0,0.0,0.0,0.0,0.0,0.0,0.0,0.0,0.0,15.0,15.0,15.0,15.0,15.0,15.0,15.0,15.0,15.0,15.0,15.0,15.0,15.0,15.0,15.0,15.0,15.0,15.0,15.0,15.0,15.0,15.0,15.0,15.0,15.0,15.0,15.0,15.0,15.0,15.0,15.0,15.0,15.0,15.0,15.0,15.0,15.0,15.0,15.0,15.0,15.0,0.0,0.0,0.0,0.0,15.0,15.0,15.0,15.0,15.0,0.0,0.0,0.0,0.0,15.0,15.0,15.0,15.0,15.0,15.0,15.0,15.0,15.0,15.0,15.0,15.0,15.0,15.0,15.0,15.0
2030-11-22 06:00:00,12,0.0,12.0,20059.0,0.0,20059.0,1,11,0,0.0,0.0,0.0,1.0,11.0,0.0,26,2,0,0.0,0.0,0.0,26.0,2.0,0.0,11,11,11,11,11,11,11,11,11,11,11,11,11,11,11,11,11,11,11,11,11,11,11,11,11,11,11,11,11,11,11,11,11,11,11,11,11,11,11,11,11,0,0,0,0,11,11,11,11,11,0,0,0,0,11,11,11,11,11,11,11,11,11,11,11,11,11,11,11,11,0.0,0.0,0.0,0.0,0.0,0.0,0.0,0.0,0.0,0.0,0.0,0.0,0.0,0.0,0.0,0.0,0.0,0.0,0.0,0.0,0.0,0.0,0.0,0.0,0.0,0.0,0.0,0.0,0.0,0.0,0.0,0.0,0.0,0.0,0.0,0.0,0.0,0.0,0.0,0.0,0.0,0.0,0.0,0.0,0.0,0.0,0.0,0.0,0.0,0.0,0.0,0.0,0.0,0.0,0.0,0.0,0.0,0.0,0.0,0.0,0.0,0.0,0.0,0.0,0.0,0.0,0.0,0.0,0.0,0.0,11.0,11.0,11.0,11.0,11.0,11.0,11.0,11.0,11.0,11.0,11.0,11.0,11.0,11.0,11.0,11.0,11.0,11.0,11.0,11.0,11.0,11.0,11.0,11.0,11.0,11.0,11.0,11.0,11.0,11.0,11.0,11.0,11.0,11.0,11.0,11.0,11.0,11.0,11.0,11.0,11.0,0.0,0.0,0.0,0.0,11.0,11.0,11.0,11.0,11.0,0.0,0.0,0.0,0.0,11.0,11.0,11.0,11.0,11.0,11.0,11.0,11.0,11.0,11.0,11.0,11.0,11.0,11.0,11.0,11.0
2030-11-22 12:00:00,19,9.0,10.0,20264.0,11907.0,13197.0,3,16,0,2.0,7.0,0.0,1.0,9.0,0.0,42,5,0,7.0,2.0,0.0,35.0,3.0,0.0,18,18,18,18,18,18,18,18,18,18,18,18,18,18,18,18,18,18,18,18,18,18,18,18,18,18,18,18,18,18,18,18,18,18,18,18,18,18,18,18,18,8,8,0,0,18,18,18,18,18,8,8,0,0,18,18,18,18,18,18,16,16,18,18,18,16,18,18,18,18,9.0,9.0,9.0,9.0,9.0,9.0,9.0,9.0,9.0,9.0,9.0,9.0,9.0,9.0,9.0,9.0,8.0,8.0,9.0,8.0,9.0,9.0,9.0,9.0,9.0,9.0,9.0,9.0,9.0,9.0,9.0,9.0,9.0,9.0,9.0,9.0,9.0,9.0,8.0,8.0,8.0,8.0,8.0,0.0,0.0,8.0,8.0,8.0,8.0,8.0,8.0,8.0,0.0,0.0,8.0,8.0,8.0,8.0,8.0,8.0,7.0,7.0,8.0,8.0,8.0,7.0,8.0,8.0,8.0,8.0,9.0,9.0,9.0,9.0,9.0,9.0,9.0,9.0,9.0,9.0,9.0,9.0,9.0,9.0,9.0,9.0,10.0,10.0,9.0,10.0,9.0,9.0,9.0,9.0,9.0,9.0,9.0,9.0,9.0,9.0,9.0,9.0,9.0,9.0,9.0,9.0,9.0,9.0,10.0,10.0,10.0,0.0,0.0,0.0,0.0,10.0,10.0,10.0,10.0,10.0,0.0,0.0,0.0,0.0,10.0,10.0,10.0,10.0,10.0,10.0,9.0,9.0,10.0,10.0,10.0,9.0,10.0,10.0,10.0,10.0
2030-11-22 18:00:00,14,14.0,0.0,21500.0,21500.0,0.0,2,12,0,2.0,12.0,0.0,0.0,0.0,0.0,54,7,0,19.0,4.0,0.0,0.0,0.0,0.0,13,13,13,13,13,13,13,13,13,12,13,13,13,13,13,13,13,13,12,13,13,13,13,13,13,13,13,13,13,13,13,13,13,13,13,13,13,13,13,13,13,13,13,0,0,13,13,13,13,13,13,13,0,0,13,13,13,13,13,13,12,12,13,13,12,12,13,13,13,13,13.0,13.0,13.0,13.0,13.0,13.0,13.0,13.0,13.0,12.0,13.0,13.0,13.0,13.0,13.0,13.0,13.0,13.0,12.0,13.0,13.0,13.0,13.0,13.0,13.0,13.0,13.0,13.0,13.0,13.0,13.0,13.0,13.0,13.0,13.0,13.0,13.0,13.0,13.0,13.0,13.0,13.0,13.0,0.0,0.0,13.0,13.0,13.0,13.0,13.0,13.0,13.0,0.0,0.0,13.0,13.0,13.0,13.0,13.0,13.0,12.0,12.0,13.0,13.0,12.0,12.0,13.0,13.0,13.0,13.0,0.0,0.0,0.0,0.0,0.0,0.0,0.0,0.0,0.0,0.0,0.0,0.0,0.0,0.0,0.0,0.0,0.0,0.0,0.0,0.0,0.0,0.0,0.0,0.0,0.0,0.0,0.0,0.0,0.0,0.0,0.0,0.0,0.0,0.0,0.0,0.0,0.0,0.0,0.0,0.0,0.0,0.0,0.0,0.0,0.0,0.0,0.0,0.0,0.0,0.0,0.0,0.0,0.0,0.0,0.0,0.0,0.0,0.0,0.0,0.0,0.0,0.0,0.0,0.0,0.0,0.0,0.0,0.0,0.0,0.0
