Unnamed: 0,ddc_barcode,ddc_ipcode,ddc_mch_code,ddc_mch_side,ddc_ev_subcode,ddc_ev_timestamp,c_machine,month,y-m-day
435964,9439577068,39013,1202,R,OP_SQUEEZE_OFF_START,2022-10-14 20:40:27,False,10,22-10-14
435965,9439577068,39013,1202,R,CURING_ON_STOP,2022-10-14 20:40:27,False,10,22-10-14
435966,9439577068,39013,1202,R,CURING_OFF_STOP,2022-10-14 20:40:27,False,10,22-10-14
435967,9439577068,39013,1202,R,CURING_OFF_START,2022-10-14 20:40:27,False,10,22-10-14
436007,9439577068,39013,1202,R,OP_SQUEEZE_OFF_STOP,2022-10-14 20:40:31,False,10,22-10-14
436008,9439577068,39013,1202,R,OP_UNLOCK_PRESS_START,2022-10-14 20:40:31,False,10,22-10-14
436015,9439577068,39013,1202,R,OP_UNLOCK_PRESS_STOP,2022-10-14 20:40:32,False,10,22-10-14
436016,9439577068,39013,1202,R,OP_PRESS_MOVEMENT_UP_START,2022-10-14 20:40:32,False,10,22-10-14
436017,9439577068,39013,1202,R,OP_PRESS_MOVEMENT_UP_STOP,2022-10-14 20:40:33,False,10,22-10-14
436018,9439577068,39013,1202,R,OP_PRESS_STOP_PAUSE_1_START,2022-10-14 20:40:33,False,10,22-10-14
436043,9439577068,39013,1202,R,OP_PRESS_STOP_PAUSE_1_STOP,2022-10-14 20:40:38,False,10,22-10-14
436044,9439577068,39013,1202,R,OP_PRESS_MOVEMENT_UP_1_START,2022-10-14 20:40:38,False,10,22-10-14
436077,9439577068,39013,1202,R,OP_PRESS_MOVEMENT_UP_1_STOP,2022-10-14 20:40:42,False,10,22-10-14
436078,9439577068,39013,1202,R,OP_PRESS_STOP_PAUSE_2_START,2022-10-14 20:40:42,False,10,22-10-14
436107,9439577068,39013,1202,R,OP_PRESS_STOP_PAUSE_2_STOP,2022-10-14 20:40:47,False,10,22-10-14
436108,9439577068,39013,1202,R,OP_PRESS_MOVEMENT_UP_2_START,2022-10-14 20:40:47,False,10,22-10-14
436155,9439577068,39013,1202,R,UN_SWING_POSITION_STOP,2022-10-14 20:40:55,False,10,22-10-14
436156,9439577068,39013,1202,R,UN_SWING_POSITION_START,2022-10-14 20:40:55,False,10,22-10-14
436157,9439577068,39013,1202,R,UN_LMR_TCR_VACUUM_START,2022-10-14 20:40:55,False,10,22-10-14
436196,9439577068,39013,1202,R,OP_PRESS_MOVEMENT_UP_3_STOP,2022-10-14 20:40:59,False,10,22-10-14
436197,9439577068,39013,1202,R,OP_PRESS_LOCKED_START,2022-10-14 20:40:59,False,10,22-10-14
436204,9439577068,39013,1202,R,UN_LMR_TCR_VACUUM_STOP,2022-10-14 20:41:00,False,10,22-10-14
436205,9439577068,39013,1202,R,UN_SWING_IN_ARMS_START,2022-10-14 20:41:00,False,10,22-10-14
436206,9439577068,39013,1202,R,OP_PRESS_LOCKED_STOP,2022-10-14 20:41:00,False,10,22-10-14
436303,9439577068,39013,1202,R,UN_SWING_IN_ARMS_STOP,2022-10-14 20:41:15,False,10,22-10-14
436304,9439577068,39013,1202,R,UN_TCR_UP_START,2022-10-14 20:41:15,False,10,22-10-14
436343,9439577068,39013,1202,R,UN_TCR_UP_STOP,2022-10-14 20:41:24,False,10,22-10-14
436344,9439577068,39013,1202,R,UN_UNLOADER_DOWN_START,2022-10-14 20:41:24,False,10,22-10-14
436397,9439577068,39013,1202,R,UN_CLOSE_ARMS_START,2022-10-14 20:41:33,False,10,22-10-14
436402,9439577068,39013,1202,R,UN_CLOSE_ARMS_STOP,2022-10-14 20:41:34,False,10,22-10-14
436417,9439577068,39013,1202,R,UN_UNLOADER_DOWN_STOP,2022-10-14 20:41:37,False,10,22-10-14
436418,9439577068,39013,1202,R,UN_OPEN_ARMS_START,2022-10-14 20:41:37,False,10,22-10-14
436429,9439577068,39013,1202,R,UN_TCR_UP_NO_SUV_STOP,2022-10-14 20:41:38,False,10,22-10-14
436430,9439577068,39013,1202,R,UN_OPEN_ARMS_STOP,2022-10-14 20:41:38,False,10,22-10-14
436431,9439577068,39013,1202,R,UN_UNLOADER_UP_START,2022-10-14 20:41:38,False,10,22-10-14
436432,9439577068,39013,1202,R,UN_TCR_UP_NO_SUV_START,2022-10-14 20:41:38,False,10,22-10-14
436549,9439577068,39013,1202,R,UN_UNLOADER_UP_STOP,2022-10-14 20:42:10,False,10,22-10-14
436550,9439577068,39013,1202,R,UN_UNLOADER_OUT_START,2022-10-14 20:42:10,False,10,22-10-14
436559,9439577080,39013,1202,R,LO_LOADER_IN_PRESS_START,2022-10-14 20:42:14,False,10,22-10-14
436566,9439577068,39013,1202,R,UN_UNLOADER_OUT_STOP,2022-10-14 20:42:14,False,10,22-10-14
436573,9439577080,39013,1202,R,LO_LOADER_IN_PRESS_STOP,2022-10-14 20:42:18,False,10,22-10-14
436574,9439577080,39013,1202,R,LO_BLADDER_PRESHAPING_STOP,2022-10-14 20:42:18,False,10,22-10-14
436575,9439577080,39013,1202,R,LO_BLADDER_VACUUM_START,2022-10-14 20:42:18,False,10,22-10-14
436576,9439577080,39013,1202,R,LO_BLADDER_PRESHAPING_START,2022-10-14 20:42:18,False,10,22-10-14
436594,9439577080,39013,1202,R,LO_BLADDER_VACUUM_STOP,2022-10-14 20:42:20,False,10,22-10-14
436595,9439577080,39013,1202,R,LO_LOADER_DOWN_START,2022-10-14 20:42:20,False,10,22-10-14
436611,9439577080,39013,1202,R,LO_LOADER_DOWN_STOP,2022-10-14 20:42:24,False,10,22-10-14
436612,9439577080,39013,1202,R,LO_TCR_DOWN_START,2022-10-14 20:42:24,False,10,22-10-14
436621,9439577080,39013,1202,R,LO_TCR_DOWN_STOP,2022-10-14 20:42:27,False,10,22-10-14
436622,9439577080,39013,1202,R,LO_PRESHAPING_START,2022-10-14 20:42:27,False,10,22-10-14
436673,9439577080,39013,1202,R,LO_PRESHAPING_STOP,2022-10-14 20:42:39,False,10,22-10-14
436674,9439577080,39013,1202,R,LO_LOADER_RELEASE_TIRE_STOP,2022-10-14 20:42:39,False,10,22-10-14
436675,9439577080,39013,1202,R,LO_LOADER_UP_START,2022-10-14 20:42:39,False,10,22-10-14
436676,9439577080,39013,1202,R,LO_LOADER_RELEASE_TIRE_START,2022-10-14 20:42:39,False,10,22-10-14
436693,9439577080,39013,1202,R,LO_LOADER_UP_STOP,2022-10-14 20:42:42,False,10,22-10-14
436694,9439577080,39013,1202,R,LO_LOADER_OUT_START,2022-10-14 20:42:42,False,10,22-10-14
436716,9439577080,39013,1202,R,LO_LOADER_OUT_STOP,2022-10-14 20:42:46,False,10,22-10-14
436717,9439577080,39013,1202,R,CL_UNLOCK_PRESS_START,2022-10-14 20:42:46,False,10,22-10-14
436718,9439577080,39013,1202,R,CL_UNLOCK_PRESS_STOP,2022-10-14 20:42:47,False,10,22-10-14
436721,9439577080,39013,1202,R,CL_PRESS_DOWN_START,2022-10-14 20:42:49,False,10,22-10-14
436749,9439577080,39013,1202,R,CL_STOP_PAUSE_STOP,2022-10-14 20:42:54,False,10,22-10-14
436750,9439577080,39013,1202,R,CL_PRESS_DOWN_STOP,2022-10-14 20:42:54,False,10,22-10-14
436751,9439577080,39013,1202,R,CL_STOP_PAUSE_START,2022-10-14 20:42:54,False,10,22-10-14
436752,9439577080,39013,1202,R,CL_PRESS_DOWN_2_START,2022-10-14 20:42:54,False,10,22-10-14
436769,9439577080,39013,1202,R,CL_PRESS_DOWN_2_STOP,2022-10-14 20:42:56,False,10,22-10-14
436770,9439577080,39013,1202,R,CL_STOP_PAUSE_2_START,2022-10-14 20:42:56,False,10,22-10-14
436864,9439577080,39013,1202,R,CL_STOP_PAUSE_2_STOP,2022-10-14 20:43:06,False,10,22-10-14
436865,9439577080,39013,1202,R,CL_PRESS_DOWN_3_START,2022-10-14 20:43:06,False,10,22-10-14
436941,9439577080,39013,1202,R,CL_PRESS_DOWN_3_STOP,2022-10-14 20:43:17,False,10,22-10-14
436942,9439577080,39013,1202,R,CL_PRESS_LOCK_START,2022-10-14 20:43:17,False,10,22-10-14
436952,9439577080,39013,1202,R,CL_PRESS_LOCK_STOP,2022-10-14 20:43:18,False,10,22-10-14
436953,9439577080,39013,1202,R,CL_SQUEEZE_ON_START,2022-10-14 20:43:18,False,10,22-10-14
437011,9439577080,39013,1202,R,CURING_ON_START,2022-10-14 20:43:27,False,10,22-10-14
437012,9439577080,39013,1202,R,CL_SQUEEZE_ON_STOP,2022-10-14 20:43:27,False,10,22-10-14
441502,9439577180,39013,1206,L,OP_SQUEEZE_OFF_START,2022-10-14 20:55:09,False,10,22-10-14
441503,9439577180,39013,1206,L,CURING_ON_STOP,2022-10-14 20:55:09,False,10,22-10-14
441504,9439577180,39013,1206,L,CURING_OFF_STOP,2022-10-14 20:55:09,False,10,22-10-14
441505,9439577180,39013,1206,L,CURING_OFF_START,2022-10-14 20:55:09,False,10,22-10-14
441543,9439577180,39013,1206,L,OP_SQUEEZE_OFF_STOP,2022-10-14 20:55:13,False,10,22-10-14
441544,9439577180,39013,1206,L,OP_UNLOCK_PRESS_START,2022-10-14 20:55:13,False,10,22-10-14
441563,9439577180,39013,1206,L,OP_UNLOCK_PRESS_STOP,2022-10-14 20:55:14,False,10,22-10-14
441564,9439577180,39013,1206,L,OP_PRESS_MOVEMENT_UP_START,2022-10-14 20:55:14,False,10,22-10-14
441589,9439577180,39013,1206,L,OP_PRESS_MOVEMENT_UP_STOP,2022-10-14 20:55:16,False,10,22-10-14
441590,9439577180,39013,1206,L,OP_PRESS_STOP_PAUSE_1_START,2022-10-14 20:55:16,False,10,22-10-14
441626,9439577180,39013,1206,L,OP_PRESS_STOP_PAUSE_1_STOP,2022-10-14 20:55:21,False,10,22-10-14
441627,9439577180,39013,1206,L,OP_PRESS_MOVEMENT_UP_1_START,2022-10-14 20:55:21,False,10,22-10-14
441673,9439577180,39013,1206,L,OP_PRESS_MOVEMENT_UP_1_STOP,2022-10-14 20:55:25,False,10,22-10-14
441674,9439577180,39013,1206,L,OP_PRESS_STOP_PAUSE_2_START,2022-10-14 20:55:25,False,10,22-10-14
441732,9439577180,39013,1206,L,OP_PRESS_STOP_PAUSE_2_STOP,2022-10-14 20:55:30,False,10,22-10-14
441733,9439577180,39013,1206,L,OP_PRESS_MOVEMENT_UP_2_START,2022-10-14 20:55:30,False,10,22-10-14
441802,9439577180,39013,1206,L,UN_SWING_POSITION_STOP,2022-10-14 20:55:37,False,10,22-10-14
441803,9439577180,39013,1206,L,UN_SWING_POSITION_START,2022-10-14 20:55:37,False,10,22-10-14
441804,9439577180,39013,1206,L,UN_LMR_TCR_VACUUM_START,2022-10-14 20:55:37,False,10,22-10-14
441864,9439577180,39013,1206,L,UN_LMR_TCR_VACUUM_STOP,2022-10-14 20:55:42,False,10,22-10-14
441865,9439577180,39013,1206,L,UN_SWING_IN_ARMS_START,2022-10-14 20:55:42,False,10,22-10-14
441866,9439577180,39013,1206,L,OP_PRESS_MOVEMENT_UP_3_STOP,2022-10-14 20:55:42,False,10,22-10-14
441867,9439577180,39013,1206,L,OP_PRESS_LOCKED_STOP,2022-10-14 20:55:42,False,10,22-10-14
441868,9439577180,39013,1206,L,OP_PRESS_LOCKED_START,2022-10-14 20:55:42,False,10,22-10-14
441953,9439577180,39013,1206,L,UN_SWING_IN_ARMS_STOP,2022-10-14 20:55:54,False,10,22-10-14
441954,9439577180,39013,1206,L,UN_TCR_UP_START,2022-10-14 20:55:54,False,10,22-10-14
441993,9439577180,39013,1206,L,UN_TCR_UP_STOP,2022-10-14 20:56:01,False,10,22-10-14
441994,9439577180,39013,1206,L,UN_UNLOADER_DOWN_START,2022-10-14 20:56:01,False,10,22-10-14
442005,9439577180,39013,1206,L,UN_CLOSE_ARMS_STOP,2022-10-14 20:56:03,False,10,22-10-14
442006,9439577180,39013,1206,L,UN_CLOSE_ARMS_START,2022-10-14 20:56:03,False,10,22-10-14
442024,9439577180,39013,1206,L,UN_UNLOADER_DOWN_STOP,2022-10-14 20:56:05,False,10,22-10-14
442025,9439577180,39013,1206,L,UN_OPEN_ARMS_START,2022-10-14 20:56:05,False,10,22-10-14
442035,9439577180,39013,1206,L,UN_TCR_UP_NO_SUV_STOP,2022-10-14 20:56:06,False,10,22-10-14
442036,9439577180,39013,1206,L,UN_OPEN_ARMS_STOP,2022-10-14 20:56:06,False,10,22-10-14
442037,9439577180,39013,1206,L,UN_UNLOADER_UP_START,2022-10-14 20:56:06,False,10,22-10-14
442038,9439577180,39013,1206,L,UN_TCR_UP_NO_SUV_START,2022-10-14 20:56:06,False,10,22-10-14
442099,9439577180,39013,1206,L,UN_UNLOADER_UP_STOP,2022-10-14 20:56:13,False,10,22-10-14
442100,9439577180,39013,1206,L,UN_UNLOADER_OUT_START,2022-10-14 20:56:13,False,10,22-10-14
442114,9439577089,39013,1206,L,LO_LOADER_IN_PRESS_START,2022-10-14 20:56:16,False,10,22-10-14
442116,9439577180,39013,1206,L,UN_UNLOADER_OUT_STOP,2022-10-14 20:56:16,False,10,22-10-14
442130,9439577089,39013,1206,L,LO_LOADER_IN_PRESS_STOP,2022-10-14 20:56:20,False,10,22-10-14
442131,9439577089,39013,1206,L,LO_BLADDER_PRESHAPING_STOP,2022-10-14 20:56:20,False,10,22-10-14
442132,9439577089,39013,1206,L,LO_BLADDER_VACUUM_START,2022-10-14 20:56:20,False,10,22-10-14
442133,9439577089,39013,1206,L,LO_BLADDER_PRESHAPING_START,2022-10-14 20:56:20,False,10,22-10-14
442152,9439577089,39013,1206,L,LO_BLADDER_VACUUM_STOP,2022-10-14 20:56:23,False,10,22-10-14
442153,9439577089,39013,1206,L,LO_LOADER_DOWN_START,2022-10-14 20:56:23,False,10,22-10-14
442209,9439577089,39013,1206,L,LO_LOADER_DOWN_STOP,2022-10-14 20:56:29,False,10,22-10-14
442210,9439577089,39013,1206,L,LO_TCR_DOWN_START,2022-10-14 20:56:29,False,10,22-10-14
442224,9439577089,39013,1206,L,LO_TCR_DOWN_STOP,2022-10-14 20:56:31,False,10,22-10-14
442225,9439577089,39013,1206,L,LO_PRESHAPING_START,2022-10-14 20:56:31,False,10,22-10-14
442356,9439577089,39013,1206,L,LO_PRESHAPING_STOP,2022-10-14 20:56:48,False,10,22-10-14
442357,9439577089,39013,1206,L,LO_LOADER_RELEASE_TIRE_START,2022-10-14 20:56:48,False,10,22-10-14
442370,9439577089,39013,1206,L,LO_LOADER_RELEASE_TIRE_STOP,2022-10-14 20:56:49,False,10,22-10-14
442371,9439577089,39013,1206,L,LO_LOADER_UP_START,2022-10-14 20:56:49,False,10,22-10-14
442394,9439577089,39013,1206,L,LO_LOADER_UP_STOP,2022-10-14 20:56:52,False,10,22-10-14
442395,9439577089,39013,1206,L,LO_LOADER_OUT_START,2022-10-14 20:56:52,False,10,22-10-14
442449,9439577089,39013,1206,L,LO_LOADER_OUT_STOP,2022-10-14 20:56:56,False,10,22-10-14
442450,9439577089,39013,1206,L,CL_UNLOCK_PRESS_START,2022-10-14 20:56:56,False,10,22-10-14
442464,9439577089,39013,1206,L,CL_UNLOCK_PRESS_STOP,2022-10-14 20:56:57,False,10,22-10-14
442473,9439577089,39013,1206,L,CL_PRESS_DOWN_START,2022-10-14 20:56:58,False,10,22-10-14
442536,9439577089,39013,1206,L,CL_STOP_PAUSE_STOP,2022-10-14 20:57:04,False,10,22-10-14
442537,9439577089,39013,1206,L,CL_PRESS_DOWN_STOP,2022-10-14 20:57:04,False,10,22-10-14
442538,9439577089,39013,1206,L,CL_STOP_PAUSE_START,2022-10-14 20:57:04,False,10,22-10-14
442539,9439577089,39013,1206,L,CL_PRESS_DOWN_2_START,2022-10-14 20:57:04,False,10,22-10-14
442553,9439577089,39013,1206,L,CL_PRESS_DOWN_2_STOP,2022-10-14 20:57:07,False,10,22-10-14
442554,9439577089,39013,1206,L,CL_STOP_PAUSE_2_START,2022-10-14 20:57:07,False,10,22-10-14
442672,9439577089,39013,1206,L,CL_STOP_PAUSE_2_STOP,2022-10-14 20:57:17,False,10,22-10-14
442673,9439577089,39013,1206,L,CL_PRESS_DOWN_3_START,2022-10-14 20:57:17,False,10,22-10-14
442753,9439577089,39013,1206,L,CL_PRESS_DOWN_3_STOP,2022-10-14 20:57:27,False,10,22-10-14
442754,9439577089,39013,1206,L,CL_PRESS_LOCK_START,2022-10-14 20:57:27,False,10,22-10-14
442766,9439577089,39013,1206,L,CL_PRESS_LOCK_STOP,2022-10-14 20:57:28,False,10,22-10-14
442767,9439577089,39013,1206,L,CL_SQUEEZE_ON_START,2022-10-14 20:57:28,False,10,22-10-14
442876,9439577089,39013,1206,L,CURING_ON_START,2022-10-14 20:57:39,False,10,22-10-14
442877,9439577089,39013,1206,L,CL_SQUEEZE_ON_STOP,2022-10-14 20:57:39,False,10,22-10-14
450667,9439577080,39013,1202,R,CURING_ON_STOP,2022-10-14 21:17:48,False,10,22-10-14
450668,9439577080,39013,1202,R,CURING_OFF_START,2022-10-14 21:17:48,False,10,22-10-14
450675,9439577080,39013,1202,R,OP_SQUEEZE_OFF_START,2022-10-14 21:17:50,False,10,22-10-14
450676,9439577080,39013,1202,R,CURING_OFF_STOP,2022-10-14 21:17:50,False,10,22-10-14
450692,9439577080,39013,1202,R,OP_SQUEEZE_OFF_STOP,2022-10-14 21:17:54,False,10,22-10-14
450693,9439577080,39013,1202,R,OP_UNLOCK_PRESS_START,2022-10-14 21:17:54,False,10,22-10-14
450705,9439577080,39013,1202,R,OP_UNLOCK_PRESS_STOP,2022-10-14 21:17:55,False,10,22-10-14
450706,9439577080,39013,1202,R,OP_PRESS_MOVEMENT_UP_START,2022-10-14 21:17:55,False,10,22-10-14
450715,9439577080,39013,1202,R,OP_PRESS_MOVEMENT_UP_STOP,2022-10-14 21:17:56,False,10,22-10-14
450716,9439577080,39013,1202,R,OP_PRESS_STOP_PAUSE_1_START,2022-10-14 21:17:56,False,10,22-10-14
450737,9439577080,39013,1202,R,OP_PRESS_STOP_PAUSE_1_STOP,2022-10-14 21:18:01,False,10,22-10-14
450738,9439577080,39013,1202,R,OP_PRESS_MOVEMENT_UP_1_START,2022-10-14 21:18:01,False,10,22-10-14
450757,9439577080,39013,1202,R,OP_PRESS_MOVEMENT_UP_1_STOP,2022-10-14 21:18:05,False,10,22-10-14
450758,9439577080,39013,1202,R,OP_PRESS_STOP_PAUSE_2_START,2022-10-14 21:18:05,False,10,22-10-14
450767,9439577080,39013,1202,R,OP_PRESS_STOP_PAUSE_2_STOP,2022-10-14 21:18:10,False,10,22-10-14
450768,9439577080,39013,1202,R,OP_PRESS_MOVEMENT_UP_2_START,2022-10-14 21:18:10,False,10,22-10-14
450791,9439577080,39013,1202,R,UN_SWING_POSITION_STOP,2022-10-14 21:18:18,False,10,22-10-14
450792,9439577080,39013,1202,R,UN_SWING_POSITION_START,2022-10-14 21:18:18,False,10,22-10-14
450793,9439577080,39013,1202,R,UN_LMR_TCR_VACUUM_START,2022-10-14 21:18:18,False,10,22-10-14
450800,9439577080,39013,1202,R,OP_PRESS_MOVEMENT_UP_3_STOP,2022-10-14 21:18:22,False,10,22-10-14
450801,9439577080,39013,1202,R,OP_PRESS_LOCKED_START,2022-10-14 21:18:22,False,10,22-10-14
450802,9439577080,39013,1202,R,UN_LMR_TCR_VACUUM_STOP,2022-10-14 21:18:23,False,10,22-10-14
450803,9439577080,39013,1202,R,UN_SWING_IN_ARMS_START,2022-10-14 21:18:23,False,10,22-10-14
450804,9439577080,39013,1202,R,OP_PRESS_LOCKED_STOP,2022-10-14 21:18:23,False,10,22-10-14
450848,9439577080,39013,1202,R,UN_SWING_IN_ARMS_STOP,2022-10-14 21:18:38,False,10,22-10-14
450849,9439577080,39013,1202,R,UN_TCR_UP_START,2022-10-14 21:18:38,False,10,22-10-14
450897,9439577080,39013,1202,R,UN_TCR_UP_STOP,2022-10-14 21:18:47,False,10,22-10-14
450898,9439577080,39013,1202,R,UN_UNLOADER_DOWN_START,2022-10-14 21:18:47,False,10,22-10-14
450930,9439577080,39013,1202,R,UN_CLOSE_ARMS_STOP,2022-10-14 21:18:57,False,10,22-10-14
450931,9439577080,39013,1202,R,UN_CLOSE_ARMS_START,2022-10-14 21:18:57,False,10,22-10-14
450959,9439577080,39013,1202,R,UN_UNLOADER_DOWN_STOP,2022-10-14 21:19:01,False,10,22-10-14
450960,9439577080,39013,1202,R,UN_OPEN_ARMS_START,2022-10-14 21:19:01,False,10,22-10-14
450973,9439577080,39013,1202,R,UN_TCR_UP_NO_SUV_STOP,2022-10-14 21:19:02,False,10,22-10-14
450974,9439577080,39013,1202,R,UN_OPEN_ARMS_STOP,2022-10-14 21:19:02,False,10,22-10-14
450975,9439577080,39013,1202,R,UN_UNLOADER_UP_START,2022-10-14 21:19:02,False,10,22-10-14
450976,9439577080,39013,1202,R,UN_TCR_UP_NO_SUV_START,2022-10-14 21:19:02,False,10,22-10-14
451331,9439577080,39013,1202,R,UN_UNLOADER_UP_STOP,2022-10-14 21:19:36,False,10,22-10-14
451332,9439577080,39013,1202,R,UN_UNLOADER_OUT_START,2022-10-14 21:19:36,False,10,22-10-14
451366,9439577067,39013,1202,R,LO_LOADER_IN_PRESS_START,2022-10-14 21:19:40,False,10,22-10-14
451375,9439577080,39013,1202,R,UN_UNLOADER_OUT_STOP,2022-10-14 21:19:40,False,10,22-10-14
451402,9439577067,39013,1202,R,LO_LOADER_IN_PRESS_STOP,2022-10-14 21:19:43,False,10,22-10-14
451403,9439577067,39013,1202,R,LO_BLADDER_PRESHAPING_STOP,2022-10-14 21:19:43,False,10,22-10-14
451404,9439577067,39013,1202,R,LO_BLADDER_VACUUM_START,2022-10-14 21:19:43,False,10,22-10-14
451405,9439577067,39013,1202,R,LO_BLADDER_PRESHAPING_START,2022-10-14 21:19:43,False,10,22-10-14
451425,9439577067,39013,1202,R,LO_BLADDER_VACUUM_STOP,2022-10-14 21:19:45,False,10,22-10-14
451426,9439577067,39013,1202,R,LO_LOADER_DOWN_START,2022-10-14 21:19:45,False,10,22-10-14
451525,9439577067,39013,1202,R,LO_LOADER_DOWN_STOP,2022-10-14 21:19:50,False,10,22-10-14
451526,9439577067,39013,1202,R,LO_TCR_DOWN_START,2022-10-14 21:19:50,False,10,22-10-14
451549,9439577067,39013,1202,R,LO_TCR_DOWN_STOP,2022-10-14 21:19:53,False,10,22-10-14
451550,9439577067,39013,1202,R,LO_PRESHAPING_START,2022-10-14 21:19:53,False,10,22-10-14
451670,9439577067,39013,1202,R,LO_PRESHAPING_STOP,2022-10-14 21:20:05,False,10,22-10-14
451671,9439577067,39013,1202,R,LO_LOADER_RELEASE_TIRE_STOP,2022-10-14 21:20:05,False,10,22-10-14
451672,9439577067,39013,1202,R,LO_LOADER_UP_START,2022-10-14 21:20:05,False,10,22-10-14
451673,9439577067,39013,1202,R,LO_LOADER_RELEASE_TIRE_START,2022-10-14 21:20:05,False,10,22-10-14
451714,9439577067,39013,1202,R,LO_LOADER_UP_STOP,2022-10-14 21:20:08,False,10,22-10-14
451715,9439577067,39013,1202,R,LO_LOADER_OUT_START,2022-10-14 21:20:08,False,10,22-10-14
451753,9439577067,39013,1202,R,LO_LOADER_OUT_STOP,2022-10-14 21:20:11,False,10,22-10-14
451754,9439577067,39013,1202,R,CL_UNLOCK_PRESS_START,2022-10-14 21:20:11,False,10,22-10-14
451776,9439577067,39013,1202,R,CL_UNLOCK_PRESS_STOP,2022-10-14 21:20:13,False,10,22-10-14
451783,9439577067,39013,1202,R,CL_PRESS_DOWN_START,2022-10-14 21:20:14,False,10,22-10-14
451852,9439577067,39013,1202,R,CL_STOP_PAUSE_STOP,2022-10-14 21:20:20,False,10,22-10-14
451853,9439577067,39013,1202,R,CL_PRESS_DOWN_STOP,2022-10-14 21:20:20,False,10,22-10-14
451854,9439577067,39013,1202,R,CL_STOP_PAUSE_START,2022-10-14 21:20:20,False,10,22-10-14
451855,9439577067,39013,1202,R,CL_PRESS_DOWN_2_START,2022-10-14 21:20:20,False,10,22-10-14
451869,9439577067,39013,1202,R,CL_PRESS_DOWN_2_STOP,2022-10-14 21:20:22,False,10,22-10-14
451870,9439577067,39013,1202,R,CL_STOP_PAUSE_2_START,2022-10-14 21:20:22,False,10,22-10-14
451960,9439577067,39013,1202,R,CL_STOP_PAUSE_2_STOP,2022-10-14 21:20:32,False,10,22-10-14
451961,9439577067,39013,1202,R,CL_PRESS_DOWN_3_START,2022-10-14 21:20:32,False,10,22-10-14
452055,9439577067,39013,1202,R,CL_PRESS_DOWN_3_STOP,2022-10-14 21:20:42,False,10,22-10-14
452056,9439577067,39013,1202,R,CL_PRESS_LOCK_START,2022-10-14 21:20:42,False,10,22-10-14
452059,9439577067,39013,1202,R,CL_PRESS_LOCK_STOP,2022-10-14 21:20:43,False,10,22-10-14
452060,9439577067,39013,1202,R,CL_SQUEEZE_ON_START,2022-10-14 21:20:43,False,10,22-10-14
452143,9439577067,39013,1202,R,CURING_ON_START,2022-10-14 21:20:53,False,10,22-10-14
452144,9439577067,39013,1202,R,CL_SQUEEZE_ON_STOP,2022-10-14 21:20:53,False,10,22-10-14
456227,9439577089,39013,1206,L,CURING_ON_STOP,2022-10-14 21:31:46,False,10,22-10-14
456228,9439577089,39013,1206,L,CURING_OFF_START,2022-10-14 21:31:46,False,10,22-10-14
456251,9439577089,39013,1206,L,OP_SQUEEZE_OFF_START,2022-10-14 21:31:49,False,10,22-10-14
456252,9439577089,39013,1206,L,CURING_OFF_STOP,2022-10-14 21:31:49,False,10,22-10-14
456285,9439577089,39013,1206,L,OP_SQUEEZE_OFF_STOP,2022-10-14 21:31:53,False,10,22-10-14
456286,9439577089,39013,1206,L,OP_UNLOCK_PRESS_START,2022-10-14 21:31:53,False,10,22-10-14
456288,9439577089,39013,1206,L,OP_UNLOCK_PRESS_STOP,2022-10-14 21:31:54,False,10,22-10-14
456289,9439577089,39013,1206,L,OP_PRESS_MOVEMENT_UP_START,2022-10-14 21:31:54,False,10,22-10-14
456295,9439577089,39013,1206,L,OP_PRESS_MOVEMENT_UP_STOP,2022-10-14 21:31:56,False,10,22-10-14
456296,9439577089,39013,1206,L,OP_PRESS_STOP_PAUSE_1_START,2022-10-14 21:31:56,False,10,22-10-14
456344,9439577089,39013,1206,L,OP_PRESS_STOP_PAUSE_1_STOP,2022-10-14 21:32:01,False,10,22-10-14
456345,9439577089,39013,1206,L,OP_PRESS_MOVEMENT_UP_1_START,2022-10-14 21:32:01,False,10,22-10-14
456378,9439577089,39013,1206,L,OP_PRESS_MOVEMENT_UP_1_STOP,2022-10-14 21:32:05,False,10,22-10-14
456379,9439577089,39013,1206,L,OP_PRESS_STOP_PAUSE_2_START,2022-10-14 21:32:05,False,10,22-10-14
456421,9439577089,39013,1206,L,OP_PRESS_STOP_PAUSE_2_STOP,2022-10-14 21:32:10,False,10,22-10-14
456422,9439577089,39013,1206,L,OP_PRESS_MOVEMENT_UP_2_START,2022-10-14 21:32:10,False,10,22-10-14
456441,9439577089,39013,1206,L,UN_SWING_POSITION_STOP,2022-10-14 21:32:17,False,10,22-10-14
456442,9439577089,39013,1206,L,UN_SWING_POSITION_START,2022-10-14 21:32:17,False,10,22-10-14
456443,9439577089,39013,1206,L,UN_LMR_TCR_VACUUM_START,2022-10-14 21:32:17,False,10,22-10-14
456474,9439577089,39013,1206,L,OP_PRESS_MOVEMENT_UP_3_STOP,2022-10-14 21:32:21,False,10,22-10-14
456475,9439577089,39013,1206,L,OP_PRESS_LOCKED_START,2022-10-14 21:32:21,False,10,22-10-14
456480,9439577089,39013,1206,L,UN_LMR_TCR_VACUUM_STOP,2022-10-14 21:32:22,False,10,22-10-14
456481,9439577089,39013,1206,L,UN_SWING_IN_ARMS_START,2022-10-14 21:32:22,False,10,22-10-14
456482,9439577089,39013,1206,L,OP_PRESS_LOCKED_STOP,2022-10-14 21:32:22,False,10,22-10-14
456561,9439577089,39013,1206,L,UN_SWING_IN_ARMS_STOP,2022-10-14 21:32:35,False,10,22-10-14
456562,9439577089,39013,1206,L,UN_TCR_UP_START,2022-10-14 21:32:35,False,10,22-10-14
456663,9439577089,39013,1206,L,UN_TCR_UP_STOP,2022-10-14 21:32:44,False,10,22-10-14
456664,9439577089,39013,1206,L,UN_UNLOADER_DOWN_START,2022-10-14 21:32:44,False,10,22-10-14
456684,9439577089,39013,1206,L,UN_CLOSE_ARMS_START,2022-10-14 21:32:46,False,10,22-10-14
456691,9439577089,39013,1206,L,UN_CLOSE_ARMS_STOP,2022-10-14 21:32:47,False,10,22-10-14
456694,9439577089,39013,1206,L,UN_UNLOADER_DOWN_STOP,2022-10-14 21:32:48,False,10,22-10-14
456695,9439577089,39013,1206,L,UN_OPEN_ARMS_START,2022-10-14 21:32:48,False,10,22-10-14
456706,9439577089,39013,1206,L,UN_TCR_UP_NO_SUV_STOP,2022-10-14 21:32:49,False,10,22-10-14
456707,9439577089,39013,1206,L,UN_OPEN_ARMS_STOP,2022-10-14 21:32:49,False,10,22-10-14
456708,9439577089,39013,1206,L,UN_UNLOADER_UP_START,2022-10-14 21:32:49,False,10,22-10-14
456709,9439577089,39013,1206,L,UN_TCR_UP_NO_SUV_START,2022-10-14 21:32:49,False,10,22-10-14
456761,9439577089,39013,1206,L,UN_UNLOADER_UP_STOP,2022-10-14 21:32:56,False,10,22-10-14
456762,9439577089,39013,1206,L,UN_UNLOADER_OUT_START,2022-10-14 21:32:56,False,10,22-10-14
456777,9439577069,39013,1206,L,LO_LOADER_IN_PRESS_START,2022-10-14 21:32:59,False,10,22-10-14
456778,9439577089,39013,1206,L,UN_UNLOADER_OUT_STOP,2022-10-14 21:32:59,False,10,22-10-14
456794,9439577069,39013,1206,L,LO_LOADER_IN_PRESS_STOP,2022-10-14 21:33:03,False,10,22-10-14
456795,9439577069,39013,1206,L,LO_BLADDER_PRESHAPING_STOP,2022-10-14 21:33:03,False,10,22-10-14
456796,9439577069,39013,1206,L,LO_BLADDER_VACUUM_START,2022-10-14 21:33:03,False,10,22-10-14
456797,9439577069,39013,1206,L,LO_BLADDER_PRESHAPING_START,2022-10-14 21:33:03,False,10,22-10-14
456801,9439577069,39013,1206,L,LO_BLADDER_VACUUM_STOP,2022-10-14 21:33:06,False,10,22-10-14
456802,9439577069,39013,1206,L,LO_LOADER_DOWN_START,2022-10-14 21:33:06,False,10,22-10-14
456855,9439577069,39013,1206,L,LO_TCR_DOWN_STOP,2022-10-14 21:33:13,False,10,22-10-14
456856,9439577069,39013,1206,L,LO_LOADER_DOWN_STOP,2022-10-14 21:33:13,False,10,22-10-14
456857,9439577069,39013,1206,L,LO_TCR_DOWN_START,2022-10-14 21:33:13,False,10,22-10-14
456858,9439577069,39013,1206,L,LO_PRESHAPING_START,2022-10-14 21:33:13,False,10,22-10-14
456955,9439577069,39013,1206,L,LO_PRESHAPING_STOP,2022-10-14 21:33:32,False,10,22-10-14
456956,9439577069,39013,1206,L,LO_LOADER_RELEASE_TIRE_STOP,2022-10-14 21:33:32,False,10,22-10-14
456957,9439577069,39013,1206,L,LO_LOADER_UP_START,2022-10-14 21:33:32,False,10,22-10-14
456958,9439577069,39013,1206,L,LO_LOADER_RELEASE_TIRE_START,2022-10-14 21:33:32,False,10,22-10-14
456986,9439577069,39013,1206,L,LO_LOADER_UP_STOP,2022-10-14 21:33:36,False,10,22-10-14
456987,9439577069,39013,1206,L,LO_LOADER_OUT_START,2022-10-14 21:33:36,False,10,22-10-14
457013,9439577069,39013,1206,L,LO_LOADER_OUT_STOP,2022-10-14 21:33:40,False,10,22-10-14
457014,9439577069,39013,1206,L,CL_UNLOCK_PRESS_START,2022-10-14 21:33:40,False,10,22-10-14
457021,9439577069,39013,1206,L,CL_UNLOCK_PRESS_STOP,2022-10-14 21:33:41,False,10,22-10-14
457027,9439577069,39013,1206,L,CL_PRESS_DOWN_START,2022-10-14 21:33:42,False,10,22-10-14
457050,9439577069,39013,1206,L,CL_STOP_PAUSE_STOP,2022-10-14 21:33:48,False,10,22-10-14
457051,9439577069,39013,1206,L,CL_PRESS_DOWN_STOP,2022-10-14 21:33:48,False,10,22-10-14
457052,9439577069,39013,1206,L,CL_STOP_PAUSE_START,2022-10-14 21:33:48,False,10,22-10-14
457053,9439577069,39013,1206,L,CL_PRESS_DOWN_2_START,2022-10-14 21:33:48,False,10,22-10-14
457056,9439577069,39013,1206,L,CL_PRESS_DOWN_2_STOP,2022-10-14 21:33:51,False,10,22-10-14
457057,9439577069,39013,1206,L,CL_STOP_PAUSE_2_START,2022-10-14 21:33:51,False,10,22-10-14
457084,9439577069,39013,1206,L,CL_STOP_PAUSE_2_STOP,2022-10-14 21:34:01,False,10,22-10-14
457085,9439577069,39013,1206,L,CL_PRESS_DOWN_3_START,2022-10-14 21:34:01,False,10,22-10-14
457136,9439577069,39013,1206,L,CL_PRESS_LOCK_STOP,2022-10-14 21:34:12,False,10,22-10-14
457137,9439577069,39013,1206,L,CL_PRESS_DOWN_3_STOP,2022-10-14 21:34:12,False,10,22-10-14
457138,9439577069,39013,1206,L,CL_SQUEEZE_ON_START,2022-10-14 21:34:12,False,10,22-10-14
457139,9439577069,39013,1206,L,CL_PRESS_LOCK_START,2022-10-14 21:34:12,False,10,22-10-14
457177,9439577069,39013,1206,L,CURING_ON_START,2022-10-14 21:34:23,False,10,22-10-14
457178,9439577069,39013,1206,L,CL_SQUEEZE_ON_STOP,2022-10-14 21:34:23,False,10,22-10-14
465205,9439577067,39013,1202,R,OP_SQUEEZE_OFF_START,2022-10-14 21:55:25,False,10,22-10-14
465206,9439577067,39013,1202,R,CURING_ON_STOP,2022-10-14 21:55:25,False,10,22-10-14
465207,9439577067,39013,1202,R,CURING_OFF_STOP,2022-10-14 21:55:25,False,10,22-10-14
465208,9439577067,39013,1202,R,CURING_OFF_START,2022-10-14 21:55:25,False,10,22-10-14
465231,9439577067,39013,1202,R,OP_SQUEEZE_OFF_STOP,2022-10-14 21:55:28,False,10,22-10-14
465232,9439577067,39013,1202,R,OP_UNLOCK_PRESS_START,2022-10-14 21:55:28,False,10,22-10-14
465264,9439577067,39013,1202,R,OP_UNLOCK_PRESS_STOP,2022-10-14 21:55:29,False,10,22-10-14
465265,9439577067,39013,1202,R,OP_PRESS_MOVEMENT_UP_START,2022-10-14 21:55:29,False,10,22-10-14
465280,9439577067,39013,1202,R,OP_PRESS_MOVEMENT_UP_STOP,2022-10-14 21:55:31,False,10,22-10-14
465281,9439577067,39013,1202,R,OP_PRESS_STOP_PAUSE_1_START,2022-10-14 21:55:31,False,10,22-10-14
465348,9439577067,39013,1202,R,OP_PRESS_STOP_PAUSE_1_STOP,2022-10-14 21:55:36,False,10,22-10-14
465349,9439577067,39013,1202,R,OP_PRESS_MOVEMENT_UP_1_START,2022-10-14 21:55:36,False,10,22-10-14
465381,9439577067,39013,1202,R,OP_PRESS_MOVEMENT_UP_1_STOP,2022-10-14 21:55:40,False,10,22-10-14
465382,9439577067,39013,1202,R,OP_PRESS_STOP_PAUSE_2_START,2022-10-14 21:55:40,False,10,22-10-14
465452,9439577067,39013,1202,R,OP_PRESS_STOP_PAUSE_2_STOP,2022-10-14 21:55:45,False,10,22-10-14
465453,9439577067,39013,1202,R,OP_PRESS_MOVEMENT_UP_2_START,2022-10-14 21:55:45,False,10,22-10-14
465525,9439577067,39013,1202,R,UN_SWING_POSITION_STOP,2022-10-14 21:55:52,False,10,22-10-14
465526,9439577067,39013,1202,R,UN_SWING_POSITION_START,2022-10-14 21:55:52,False,10,22-10-14
465527,9439577067,39013,1202,R,UN_LMR_TCR_VACUUM_START,2022-10-14 21:55:52,False,10,22-10-14
465586,9439577067,39013,1202,R,UN_LMR_TCR_VACUUM_STOP,2022-10-14 21:55:57,False,10,22-10-14
465587,9439577067,39013,1202,R,UN_SWING_IN_ARMS_START,2022-10-14 21:55:57,False,10,22-10-14
465588,9439577067,39013,1202,R,OP_PRESS_MOVEMENT_UP_3_STOP,2022-10-14 21:55:57,False,10,22-10-14
465589,9439577067,39013,1202,R,OP_PRESS_LOCKED_STOP,2022-10-14 21:55:57,False,10,22-10-14
465590,9439577067,39013,1202,R,OP_PRESS_LOCKED_START,2022-10-14 21:55:57,False,10,22-10-14
465736,9439577067,39013,1202,R,UN_SWING_IN_ARMS_STOP,2022-10-14 21:56:13,False,10,22-10-14
465737,9439577067,39013,1202,R,UN_TCR_UP_START,2022-10-14 21:56:13,False,10,22-10-14
465803,9439577067,39013,1202,R,UN_TCR_UP_STOP,2022-10-14 21:56:22,False,10,22-10-14
465804,9439577067,39013,1202,R,UN_UNLOADER_DOWN_START,2022-10-14 21:56:22,False,10,22-10-14
465904,9439577067,39013,1202,R,UN_CLOSE_ARMS_STOP,2022-10-14 21:56:32,False,10,22-10-14
465905,9439577067,39013,1202,R,UN_CLOSE_ARMS_START,2022-10-14 21:56:32,False,10,22-10-14
465937,9439577067,39013,1202,R,UN_UNLOADER_DOWN_STOP,2022-10-14 21:56:36,False,10,22-10-14
465938,9439577067,39013,1202,R,UN_OPEN_ARMS_START,2022-10-14 21:56:36,False,10,22-10-14
465950,9439577067,39013,1202,R,UN_TCR_UP_NO_SUV_STOP,2022-10-14 21:56:37,False,10,22-10-14
465951,9439577067,39013,1202,R,UN_OPEN_ARMS_STOP,2022-10-14 21:56:37,False,10,22-10-14
465952,9439577067,39013,1202,R,UN_UNLOADER_UP_START,2022-10-14 21:56:37,False,10,22-10-14
465953,9439577067,39013,1202,R,UN_TCR_UP_NO_SUV_START,2022-10-14 21:56:37,False,10,22-10-14
466218,9439577067,39013,1202,R,UN_UNLOADER_UP_STOP,2022-10-14 21:57:09,False,10,22-10-14
466219,9439577067,39013,1202,R,UN_UNLOADER_OUT_START,2022-10-14 21:57:09,False,10,22-10-14
466239,9439577070,39013,1202,R,LO_LOADER_IN_PRESS_START,2022-10-14 21:57:13,False,10,22-10-14
466240,9439577067,39013,1202,R,UN_UNLOADER_OUT_STOP,2022-10-14 21:57:13,False,10,22-10-14
466255,9439577070,39013,1202,R,LO_LOADER_IN_PRESS_STOP,2022-10-14 21:57:16,False,10,22-10-14
466256,9439577070,39013,1202,R,LO_BLADDER_PRESHAPING_STOP,2022-10-14 21:57:16,False,10,22-10-14
466257,9439577070,39013,1202,R,LO_BLADDER_VACUUM_START,2022-10-14 21:57:16,False,10,22-10-14
466258,9439577070,39013,1202,R,LO_BLADDER_PRESHAPING_START,2022-10-14 21:57:16,False,10,22-10-14
466274,9439577070,39013,1202,R,LO_BLADDER_VACUUM_STOP,2022-10-14 21:57:18,False,10,22-10-14
466275,9439577070,39013,1202,R,LO_LOADER_DOWN_START,2022-10-14 21:57:18,False,10,22-10-14
466314,9439577070,39013,1202,R,LO_LOADER_DOWN_STOP,2022-10-14 21:57:23,False,10,22-10-14
466315,9439577070,39013,1202,R,LO_TCR_DOWN_START,2022-10-14 21:57:23,False,10,22-10-14
466333,9439577070,39013,1202,R,LO_TCR_DOWN_STOP,2022-10-14 21:57:26,False,10,22-10-14
466334,9439577070,39013,1202,R,LO_PRESHAPING_START,2022-10-14 21:57:26,False,10,22-10-14
466454,9439577070,39013,1202,R,LO_PRESHAPING_STOP,2022-10-14 21:57:38,False,10,22-10-14
466455,9439577070,39013,1202,R,LO_LOADER_RELEASE_TIRE_STOP,2022-10-14 21:57:38,False,10,22-10-14
466456,9439577070,39013,1202,R,LO_LOADER_UP_START,2022-10-14 21:57:38,False,10,22-10-14
466457,9439577070,39013,1202,R,LO_LOADER_RELEASE_TIRE_START,2022-10-14 21:57:38,False,10,22-10-14
466489,9439577070,39013,1202,R,LO_LOADER_UP_STOP,2022-10-14 21:57:41,False,10,22-10-14
466490,9439577070,39013,1202,R,LO_LOADER_OUT_START,2022-10-14 21:57:41,False,10,22-10-14
466511,9439577070,39013,1202,R,LO_LOADER_OUT_STOP,2022-10-14 21:57:45,False,10,22-10-14
466512,9439577070,39013,1202,R,CL_UNLOCK_PRESS_START,2022-10-14 21:57:45,False,10,22-10-14
466515,9439577070,39013,1202,R,CL_UNLOCK_PRESS_STOP,2022-10-14 21:57:46,False,10,22-10-14
466520,9439577070,39013,1202,R,CL_PRESS_DOWN_START,2022-10-14 21:57:47,False,10,22-10-14
466559,9439577070,39013,1202,R,CL_STOP_PAUSE_STOP,2022-10-14 21:57:53,False,10,22-10-14
466560,9439577070,39013,1202,R,CL_PRESS_DOWN_STOP,2022-10-14 21:57:53,False,10,22-10-14
466561,9439577070,39013,1202,R,CL_STOP_PAUSE_START,2022-10-14 21:57:53,False,10,22-10-14
466562,9439577070,39013,1202,R,CL_PRESS_DOWN_2_START,2022-10-14 21:57:53,False,10,22-10-14
466573,9439577070,39013,1202,R,CL_PRESS_DOWN_2_STOP,2022-10-14 21:57:55,False,10,22-10-14
466574,9439577070,39013,1202,R,CL_STOP_PAUSE_2_START,2022-10-14 21:57:55,False,10,22-10-14
466638,9439577070,39013,1202,R,CL_STOP_PAUSE_2_STOP,2022-10-14 21:58:05,False,10,22-10-14
466639,9439577070,39013,1202,R,CL_PRESS_DOWN_3_START,2022-10-14 21:58:05,False,10,22-10-14
466708,9439577070,39013,1202,R,CL_PRESS_DOWN_3_STOP,2022-10-14 21:58:15,False,10,22-10-14
466709,9439577070,39013,1202,R,CL_PRESS_LOCK_START,2022-10-14 21:58:15,False,10,22-10-14
466715,9439577070,39013,1202,R,CL_PRESS_LOCK_STOP,2022-10-14 21:58:16,False,10,22-10-14
466716,9439577070,39013,1202,R,CL_SQUEEZE_ON_START,2022-10-14 21:58:16,False,10,22-10-14
466740,9439577070,39013,1202,R,CURING_ON_START,2022-10-14 21:58:26,False,10,22-10-14
466741,9439577070,39013,1202,R,CL_SQUEEZE_ON_STOP,2022-10-14 21:58:26,False,10,22-10-14
470399,9439577069,39013,1206,L,CURING_ON_STOP,2022-10-14 22:08:32,False,10,22-10-14
470400,9439577069,39013,1206,L,CURING_OFF_START,2022-10-14 22:08:32,False,10,22-10-14
470417,9439577069,39013,1206,L,OP_SQUEEZE_OFF_START,2022-10-14 22:08:34,False,10,22-10-14
470418,9439577069,39013,1206,L,CURING_OFF_STOP,2022-10-14 22:08:34,False,10,22-10-14
470451,9439577069,39013,1206,L,OP_SQUEEZE_OFF_STOP,2022-10-14 22:08:38,False,10,22-10-14
470452,9439577069,39013,1206,L,OP_UNLOCK_PRESS_START,2022-10-14 22:08:38,False,10,22-10-14
470460,9439577069,39013,1206,L,OP_UNLOCK_PRESS_STOP,2022-10-14 22:08:39,False,10,22-10-14
470461,9439577069,39013,1206,L,OP_PRESS_MOVEMENT_UP_START,2022-10-14 22:08:39,False,10,22-10-14
470478,9439577069,39013,1206,L,OP_PRESS_MOVEMENT_UP_STOP,2022-10-14 22:08:42,False,10,22-10-14
470479,9439577069,39013,1206,L,OP_PRESS_STOP_PAUSE_1_START,2022-10-14 22:08:42,False,10,22-10-14
470493,9439577069,39013,1206,L,OP_PRESS_STOP_PAUSE_1_STOP,2022-10-14 22:08:46,False,10,22-10-14
470494,9439577069,39013,1206,L,OP_PRESS_MOVEMENT_UP_1_START,2022-10-14 22:08:46,False,10,22-10-14
470534,9439577069,39013,1206,L,OP_PRESS_MOVEMENT_UP_1_STOP,2022-10-14 22:08:50,False,10,22-10-14
470535,9439577069,39013,1206,L,OP_PRESS_STOP_PAUSE_2_START,2022-10-14 22:08:50,False,10,22-10-14
470565,9439577069,39013,1206,L,OP_PRESS_STOP_PAUSE_2_STOP,2022-10-14 22:08:55,False,10,22-10-14
470566,9439577069,39013,1206,L,OP_PRESS_MOVEMENT_UP_2_START,2022-10-14 22:08:55,False,10,22-10-14
470629,9439577069,39013,1206,L,UN_SWING_POSITION_STOP,2022-10-14 22:09:02,False,10,22-10-14
470630,9439577069,39013,1206,L,UN_SWING_POSITION_START,2022-10-14 22:09:02,False,10,22-10-14
470631,9439577069,39013,1206,L,UN_LMR_TCR_VACUUM_START,2022-10-14 22:09:02,False,10,22-10-14
470655,9439577069,39013,1206,L,OP_PRESS_MOVEMENT_UP_3_STOP,2022-10-14 22:09:06,False,10,22-10-14
470656,9439577069,39013,1206,L,OP_PRESS_LOCKED_START,2022-10-14 22:09:06,False,10,22-10-14
470658,9439577069,39013,1206,L,UN_LMR_TCR_VACUUM_STOP,2022-10-14 22:09:07,False,10,22-10-14
470659,9439577069,39013,1206,L,UN_SWING_IN_ARMS_START,2022-10-14 22:09:07,False,10,22-10-14
470660,9439577069,39013,1206,L,OP_PRESS_LOCKED_STOP,2022-10-14 22:09:07,False,10,22-10-14
470718,9439577069,39013,1206,L,UN_SWING_IN_ARMS_STOP,2022-10-14 22:09:20,False,10,22-10-14
470719,9439577069,39013,1206,L,UN_TCR_UP_START,2022-10-14 22:09:20,False,10,22-10-14
470757,9439577069,39013,1206,L,UN_TCR_UP_STOP,2022-10-14 22:09:27,False,10,22-10-14
470758,9439577069,39013,1206,L,UN_UNLOADER_DOWN_START,2022-10-14 22:09:27,False,10,22-10-14
470770,9439577069,39013,1206,L,UN_CLOSE_ARMS_STOP,2022-10-14 22:09:30,False,10,22-10-14
470771,9439577069,39013,1206,L,UN_CLOSE_ARMS_START,2022-10-14 22:09:30,False,10,22-10-14
470774,9439577069,39013,1206,L,UN_UNLOADER_DOWN_STOP,2022-10-14 22:09:31,False,10,22-10-14
470775,9439577069,39013,1206,L,UN_OPEN_ARMS_START,2022-10-14 22:09:31,False,10,22-10-14
470781,9439577069,39013,1206,L,UN_TCR_UP_NO_SUV_STOP,2022-10-14 22:09:32,False,10,22-10-14
470782,9439577069,39013,1206,L,UN_OPEN_ARMS_STOP,2022-10-14 22:09:32,False,10,22-10-14
470783,9439577069,39013,1206,L,UN_UNLOADER_UP_START,2022-10-14 22:09:32,False,10,22-10-14
470784,9439577069,39013,1206,L,UN_TCR_UP_NO_SUV_START,2022-10-14 22:09:32,False,10,22-10-14
470826,9439577069,39013,1206,L,UN_UNLOADER_UP_STOP,2022-10-14 22:09:40,False,10,22-10-14
470827,9439577069,39013,1206,L,UN_UNLOADER_OUT_START,2022-10-14 22:09:40,False,10,22-10-14
470839,9439577072,39013,1206,L,LO_LOADER_IN_PRESS_START,2022-10-14 22:09:43,False,10,22-10-14
470840,9439577069,39013,1206,L,UN_UNLOADER_OUT_STOP,2022-10-14 22:09:43,False,10,22-10-14
470847,9439577072,39013,1206,L,LO_LOADER_IN_PRESS_STOP,2022-10-14 22:09:47,False,10,22-10-14
470848,9439577072,39013,1206,L,LO_BLADDER_PRESHAPING_STOP,2022-10-14 22:09:47,False,10,22-10-14
470849,9439577072,39013,1206,L,LO_BLADDER_VACUUM_START,2022-10-14 22:09:47,False,10,22-10-14
470850,9439577072,39013,1206,L,LO_BLADDER_PRESHAPING_START,2022-10-14 22:09:47,False,10,22-10-14
470872,9439577072,39013,1206,L,LO_BLADDER_VACUUM_STOP,2022-10-14 22:09:51,False,10,22-10-14
470873,9439577072,39013,1206,L,LO_LOADER_DOWN_START,2022-10-14 22:09:51,False,10,22-10-14
470905,9439577072,39013,1206,L,LO_LOADER_DOWN_STOP,2022-10-14 22:09:56,False,10,22-10-14
470906,9439577072,39013,1206,L,LO_TCR_DOWN_START,2022-10-14 22:09:56,False,10,22-10-14
470911,9439577072,39013,1206,L,LO_TCR_DOWN_STOP,2022-10-14 22:09:58,False,10,22-10-14
470912,9439577072,39013,1206,L,LO_PRESHAPING_START,2022-10-14 22:09:58,False,10,22-10-14
470979,9439577072,39013,1206,L,LO_PRESHAPING_STOP,2022-10-14 22:10:14,False,10,22-10-14
470980,9439577072,39013,1206,L,LO_LOADER_RELEASE_TIRE_START,2022-10-14 22:10:14,False,10,22-10-14
470983,9439577072,39013,1206,L,LO_LOADER_RELEASE_TIRE_STOP,2022-10-14 22:10:15,False,10,22-10-14
470984,9439577072,39013,1206,L,LO_LOADER_UP_START,2022-10-14 22:10:15,False,10,22-10-14
471005,9439577072,39013,1206,L,LO_LOADER_UP_STOP,2022-10-14 22:10:20,False,10,22-10-14
471006,9439577072,39013,1206,L,LO_LOADER_OUT_START,2022-10-14 22:10:20,False,10,22-10-14
471017,9439577072,39013,1206,L,LO_LOADER_OUT_STOP,2022-10-14 22:10:24,False,10,22-10-14
471018,9439577072,39013,1206,L,CL_UNLOCK_PRESS_START,2022-10-14 22:10:24,False,10,22-10-14
471037,9439577072,39013,1206,L,CL_UNLOCK_PRESS_STOP,2022-10-14 22:10:26,False,10,22-10-14
471040,9439577072,39013,1206,L,CL_PRESS_DOWN_START,2022-10-14 22:10:27,False,10,22-10-14
471057,9439577072,39013,1206,L,CL_STOP_PAUSE_STOP,2022-10-14 22:10:33,False,10,22-10-14
471058,9439577072,39013,1206,L,CL_PRESS_DOWN_STOP,2022-10-14 22:10:33,False,10,22-10-14
471059,9439577072,39013,1206,L,CL_STOP_PAUSE_START,2022-10-14 22:10:33,False,10,22-10-14
471060,9439577072,39013,1206,L,CL_PRESS_DOWN_2_START,2022-10-14 22:10:33,False,10,22-10-14
471067,9439577072,39013,1206,L,CL_PRESS_DOWN_2_STOP,2022-10-14 22:10:35,False,10,22-10-14
471068,9439577072,39013,1206,L,CL_STOP_PAUSE_2_START,2022-10-14 22:10:35,False,10,22-10-14
471083,9439577072,39013,1206,L,CL_STOP_PAUSE_2_STOP,2022-10-14 22:10:45,False,10,22-10-14
471084,9439577072,39013,1206,L,CL_PRESS_DOWN_3_START,2022-10-14 22:10:45,False,10,22-10-14
471119,9439577072,39013,1206,L,CL_PRESS_DOWN_3_STOP,2022-10-14 22:10:56,False,10,22-10-14
471120,9439577072,39013,1206,L,CL_PRESS_LOCK_START,2022-10-14 22:10:56,False,10,22-10-14
471125,9439577072,39013,1206,L,CL_PRESS_LOCK_STOP,2022-10-14 22:10:57,False,10,22-10-14
471126,9439577072,39013,1206,L,CL_SQUEEZE_ON_START,2022-10-14 22:10:57,False,10,22-10-14
471167,9439577072,39013,1206,L,CURING_ON_START,2022-10-14 22:11:07,False,10,22-10-14
471168,9439577072,39013,1206,L,CL_SQUEEZE_ON_STOP,2022-10-14 22:11:07,False,10,22-10-14
479208,9439577070,39013,1202,R,CURING_ON_STOP,2022-10-14 22:32:55,False,10,22-10-14
479209,9439577070,39013,1202,R,CURING_OFF_START,2022-10-14 22:32:55,False,10,22-10-14
479218,9439577070,39013,1202,R,OP_SQUEEZE_OFF_START,2022-10-14 22:32:57,False,10,22-10-14
479219,9439577070,39013,1202,R,CURING_OFF_STOP,2022-10-14 22:32:57,False,10,22-10-14
479236,9439577070,39013,1202,R,OP_SQUEEZE_OFF_STOP,2022-10-14 22:33:01,False,10,22-10-14
479237,9439577070,39013,1202,R,OP_UNLOCK_PRESS_START,2022-10-14 22:33:01,False,10,22-10-14
479238,9439577070,39013,1202,R,OP_UNLOCK_PRESS_STOP,2022-10-14 22:33:02,False,10,22-10-14
479239,9439577070,39013,1202,R,OP_PRESS_MOVEMENT_UP_START,2022-10-14 22:33:02,False,10,22-10-14
479248,9439577070,39013,1202,R,OP_PRESS_MOVEMENT_UP_STOP,2022-10-14 22:33:03,False,10,22-10-14
479249,9439577070,39013,1202,R,OP_PRESS_STOP_PAUSE_1_START,2022-10-14 22:33:03,False,10,22-10-14
479296,9439577070,39013,1202,R,OP_PRESS_STOP_PAUSE_1_STOP,2022-10-14 22:33:08,False,10,22-10-14
479297,9439577070,39013,1202,R,OP_PRESS_MOVEMENT_UP_1_START,2022-10-14 22:33:08,False,10,22-10-14
479330,9439577070,39013,1202,R,OP_PRESS_MOVEMENT_UP_1_STOP,2022-10-14 22:33:12,False,10,22-10-14
479331,9439577070,39013,1202,R,OP_PRESS_STOP_PAUSE_2_START,2022-10-14 22:33:12,False,10,22-10-14
479348,9439577070,39013,1202,R,OP_PRESS_STOP_PAUSE_2_STOP,2022-10-14 22:33:17,False,10,22-10-14
479349,9439577070,39013,1202,R,OP_PRESS_MOVEMENT_UP_2_START,2022-10-14 22:33:17,False,10,22-10-14
479402,9439577070,39013,1202,R,UN_SWING_POSITION_STOP,2022-10-14 22:33:25,False,10,22-10-14
479403,9439577070,39013,1202,R,UN_SWING_POSITION_START,2022-10-14 22:33:25,False,10,22-10-14
479404,9439577070,39013,1202,R,UN_LMR_TCR_VACUUM_START,2022-10-14 22:33:25,False,10,22-10-14
479419,9439577070,39013,1202,R,OP_PRESS_MOVEMENT_UP_3_STOP,2022-10-14 22:33:29,False,10,22-10-14
479420,9439577070,39013,1202,R,OP_PRESS_LOCKED_START,2022-10-14 22:33:29,False,10,22-10-14
479421,9439577070,39013,1202,R,UN_LMR_TCR_VACUUM_STOP,2022-10-14 22:33:30,False,10,22-10-14
479422,9439577070,39013,1202,R,UN_SWING_IN_ARMS_START,2022-10-14 22:33:30,False,10,22-10-14
479423,9439577070,39013,1202,R,OP_PRESS_LOCKED_STOP,2022-10-14 22:33:30,False,10,22-10-14
479534,9439577070,39013,1202,R,UN_SWING_IN_ARMS_STOP,2022-10-14 22:33:46,False,10,22-10-14
479535,9439577070,39013,1202,R,UN_TCR_UP_START,2022-10-14 22:33:46,False,10,22-10-14
479588,9439577070,39013,1202,R,UN_TCR_UP_STOP,2022-10-14 22:33:55,False,10,22-10-14
479589,9439577070,39013,1202,R,UN_UNLOADER_DOWN_START,2022-10-14 22:33:55,False,10,22-10-14
479650,9439577070,39013,1202,R,UN_CLOSE_ARMS_START,2022-10-14 22:34:05,False,10,22-10-14
479651,9439577070,39013,1202,R,UN_CLOSE_ARMS_STOP,2022-10-14 22:34:06,False,10,22-10-14
479668,9439577070,39013,1202,R,UN_UNLOADER_DOWN_STOP,2022-10-14 22:34:10,False,10,22-10-14
479669,9439577070,39013,1202,R,UN_OPEN_ARMS_START,2022-10-14 22:34:10,False,10,22-10-14
479676,9439577070,39013,1202,R,UN_TCR_UP_NO_SUV_STOP,2022-10-14 22:34:11,False,10,22-10-14
479677,9439577070,39013,1202,R,UN_OPEN_ARMS_STOP,2022-10-14 22:34:11,False,10,22-10-14
479678,9439577070,39013,1202,R,UN_UNLOADER_UP_START,2022-10-14 22:34:11,False,10,22-10-14
479679,9439577070,39013,1202,R,UN_TCR_UP_NO_SUV_START,2022-10-14 22:34:11,False,10,22-10-14
479888,9439577070,39013,1202,R,UN_UNLOADER_UP_STOP,2022-10-14 22:34:45,False,10,22-10-14
479889,9439577070,39013,1202,R,UN_UNLOADER_OUT_START,2022-10-14 22:34:45,False,10,22-10-14
479904,9439577073,39013,1202,R,LO_LOADER_IN_PRESS_START,2022-10-14 22:34:49,False,10,22-10-14
479912,9439577070,39013,1202,R,UN_UNLOADER_OUT_STOP,2022-10-14 22:34:49,False,10,22-10-14
479919,9439577073,39013,1202,R,LO_LOADER_IN_PRESS_STOP,2022-10-14 22:34:52,False,10,22-10-14
479920,9439577073,39013,1202,R,LO_BLADDER_PRESHAPING_STOP,2022-10-14 22:34:52,False,10,22-10-14
479921,9439577073,39013,1202,R,LO_BLADDER_VACUUM_START,2022-10-14 22:34:52,False,10,22-10-14
479922,9439577073,39013,1202,R,LO_BLADDER_PRESHAPING_START,2022-10-14 22:34:52,False,10,22-10-14
479929,9439577073,39013,1202,R,LO_BLADDER_VACUUM_STOP,2022-10-14 22:34:54,False,10,22-10-14
479930,9439577073,39013,1202,R,LO_LOADER_DOWN_START,2022-10-14 22:34:54,False,10,22-10-14
479958,9439577073,39013,1202,R,LO_LOADER_DOWN_STOP,2022-10-14 22:34:59,False,10,22-10-14
479959,9439577073,39013,1202,R,LO_TCR_DOWN_START,2022-10-14 22:34:59,False,10,22-10-14
479987,9439577073,39013,1202,R,LO_TCR_DOWN_STOP,2022-10-14 22:35:02,False,10,22-10-14
479988,9439577073,39013,1202,R,LO_PRESHAPING_START,2022-10-14 22:35:02,False,10,22-10-14
480052,9439577073,39013,1202,R,LO_PRESHAPING_STOP,2022-10-14 22:35:14,False,10,22-10-14
480053,9439577073,39013,1202,R,LO_LOADER_RELEASE_TIRE_STOP,2022-10-14 22:35:14,False,10,22-10-14
480054,9439577073,39013,1202,R,LO_LOADER_UP_START,2022-10-14 22:35:14,False,10,22-10-14
480055,9439577073,39013,1202,R,LO_LOADER_RELEASE_TIRE_START,2022-10-14 22:35:14,False,10,22-10-14
480067,9439577073,39013,1202,R,LO_LOADER_UP_STOP,2022-10-14 22:35:17,False,10,22-10-14
480068,9439577073,39013,1202,R,LO_LOADER_OUT_START,2022-10-14 22:35:17,False,10,22-10-14
480087,9439577073,39013,1202,R,LO_LOADER_OUT_STOP,2022-10-14 22:35:20,False,10,22-10-14
480088,9439577073,39013,1202,R,CL_UNLOCK_PRESS_START,2022-10-14 22:35:20,False,10,22-10-14
480099,9439577073,39013,1202,R,CL_UNLOCK_PRESS_STOP,2022-10-14 22:35:21,False,10,22-10-14
480107,9439577073,39013,1202,R,CL_PRESS_DOWN_START,2022-10-14 22:35:23,False,10,22-10-14
480163,9439577073,39013,1202,R,CL_STOP_PAUSE_STOP,2022-10-14 22:35:29,False,10,22-10-14
480164,9439577073,39013,1202,R,CL_PRESS_DOWN_STOP,2022-10-14 22:35:29,False,10,22-10-14
480165,9439577073,39013,1202,R,CL_STOP_PAUSE_START,2022-10-14 22:35:29,False,10,22-10-14
480166,9439577073,39013,1202,R,CL_PRESS_DOWN_2_START,2022-10-14 22:35:29,False,10,22-10-14
480192,9439577073,39013,1202,R,CL_PRESS_DOWN_2_STOP,2022-10-14 22:35:31,False,10,22-10-14
480193,9439577073,39013,1202,R,CL_STOP_PAUSE_2_START,2022-10-14 22:35:31,False,10,22-10-14
480274,9439577073,39013,1202,R,CL_STOP_PAUSE_2_STOP,2022-10-14 22:35:41,False,10,22-10-14
480275,9439577073,39013,1202,R,CL_PRESS_DOWN_3_START,2022-10-14 22:35:41,False,10,22-10-14
480378,9439577073,39013,1202,R,CL_PRESS_DOWN_3_STOP,2022-10-14 22:35:51,False,10,22-10-14
480379,9439577073,39013,1202,R,CL_PRESS_LOCK_START,2022-10-14 22:35:51,False,10,22-10-14
480389,9439577073,39013,1202,R,CL_PRESS_LOCK_STOP,2022-10-14 22:35:52,False,10,22-10-14
480390,9439577073,39013,1202,R,CL_SQUEEZE_ON_START,2022-10-14 22:35:52,False,10,22-10-14
480486,9439577073,39013,1202,R,CURING_ON_START,2022-10-14 22:36:02,False,10,22-10-14
480487,9439577073,39013,1202,R,CL_SQUEEZE_ON_STOP,2022-10-14 22:36:02,False,10,22-10-14
483640,9439577072,39013,1206,L,CURING_ON_STOP,2022-10-14 22:45:11,False,10,22-10-14
483641,9439577072,39013,1206,L,CURING_OFF_START,2022-10-14 22:45:11,False,10,22-10-14
483652,9439577072,39013,1206,L,OP_SQUEEZE_OFF_START,2022-10-14 22:45:13,False,10,22-10-14
483653,9439577072,39013,1206,L,CURING_OFF_STOP,2022-10-14 22:45:13,False,10,22-10-14
483674,9439577072,39013,1206,L,OP_SQUEEZE_OFF_STOP,2022-10-14 22:45:18,False,10,22-10-14
483675,9439577072,39013,1206,L,OP_UNLOCK_PRESS_START,2022-10-14 22:45:18,False,10,22-10-14
483684,9439577072,39013,1206,L,OP_UNLOCK_PRESS_STOP,2022-10-14 22:45:19,False,10,22-10-14
483685,9439577072,39013,1206,L,OP_PRESS_MOVEMENT_UP_START,2022-10-14 22:45:19,False,10,22-10-14
483696,9439577072,39013,1206,L,OP_PRESS_MOVEMENT_UP_STOP,2022-10-14 22:45:21,False,10,22-10-14
483697,9439577072,39013,1206,L,OP_PRESS_STOP_PAUSE_1_START,2022-10-14 22:45:21,False,10,22-10-14
483740,9439577072,39013,1206,L,OP_PRESS_STOP_PAUSE_1_STOP,2022-10-14 22:45:26,False,10,22-10-14
483741,9439577072,39013,1206,L,OP_PRESS_MOVEMENT_UP_1_START,2022-10-14 22:45:26,False,10,22-10-14
483784,9439577072,39013,1206,L,OP_PRESS_MOVEMENT_UP_1_STOP,2022-10-14 22:45:30,False,10,22-10-14
483785,9439577072,39013,1206,L,OP_PRESS_STOP_PAUSE_2_START,2022-10-14 22:45:30,False,10,22-10-14
483835,9439577072,39013,1206,L,OP_PRESS_STOP_PAUSE_2_STOP,2022-10-14 22:45:35,False,10,22-10-14
483836,9439577072,39013,1206,L,OP_PRESS_MOVEMENT_UP_2_START,2022-10-14 22:45:35,False,10,22-10-14
483872,9439577072,39013,1206,L,UN_SWING_POSITION_STOP,2022-10-14 22:45:41,False,10,22-10-14
483873,9439577072,39013,1206,L,UN_SWING_POSITION_START,2022-10-14 22:45:41,False,10,22-10-14
483874,9439577072,39013,1206,L,UN_LMR_TCR_VACUUM_START,2022-10-14 22:45:41,False,10,22-10-14
483898,9439577072,39013,1206,L,OP_PRESS_MOVEMENT_UP_3_STOP,2022-10-14 22:45:46,False,10,22-10-14
483899,9439577072,39013,1206,L,OP_PRESS_LOCKED_START,2022-10-14 22:45:46,False,10,22-10-14
483904,9439577072,39013,1206,L,UN_LMR_TCR_VACUUM_STOP,2022-10-14 22:45:47,False,10,22-10-14
483905,9439577072,39013,1206,L,UN_SWING_IN_ARMS_START,2022-10-14 22:45:47,False,10,22-10-14
483906,9439577072,39013,1206,L,OP_PRESS_LOCKED_STOP,2022-10-14 22:45:47,False,10,22-10-14
484019,9439577072,39013,1206,L,UN_SWING_IN_ARMS_STOP,2022-10-14 22:46:01,False,10,22-10-14
484020,9439577072,39013,1206,L,UN_TCR_UP_START,2022-10-14 22:46:01,False,10,22-10-14
484077,9439577072,39013,1206,L,UN_TCR_UP_STOP,2022-10-14 22:46:08,False,10,22-10-14
484078,9439577072,39013,1206,L,UN_UNLOADER_DOWN_START,2022-10-14 22:46:08,False,10,22-10-14
484093,9439577072,39013,1206,L,UN_CLOSE_ARMS_START,2022-10-14 22:46:10,False,10,22-10-14
484100,9439577072,39013,1206,L,UN_CLOSE_ARMS_STOP,2022-10-14 22:46:11,False,10,22-10-14
484113,9439577072,39013,1206,L,UN_UNLOADER_DOWN_STOP,2022-10-14 22:46:12,False,10,22-10-14
484114,9439577072,39013,1206,L,UN_OPEN_ARMS_START,2022-10-14 22:46:12,False,10,22-10-14
484131,9439577072,39013,1206,L,UN_TCR_UP_NO_SUV_STOP,2022-10-14 22:46:13,False,10,22-10-14
484132,9439577072,39013,1206,L,UN_OPEN_ARMS_STOP,2022-10-14 22:46:13,False,10,22-10-14
484133,9439577072,39013,1206,L,UN_UNLOADER_UP_START,2022-10-14 22:46:13,False,10,22-10-14
484134,9439577072,39013,1206,L,UN_TCR_UP_NO_SUV_START,2022-10-14 22:46:13,False,10,22-10-14
484183,9439577072,39013,1206,L,UN_UNLOADER_UP_STOP,2022-10-14 22:46:19,False,10,22-10-14
484184,9439577072,39013,1206,L,UN_UNLOADER_OUT_START,2022-10-14 22:46:19,False,10,22-10-14
484218,9439577074,39013,1206,L,LO_LOADER_IN_PRESS_START,2022-10-14 22:46:23,False,10,22-10-14
484224,9439577072,39013,1206,L,UN_UNLOADER_OUT_STOP,2022-10-14 22:46:23,False,10,22-10-14
484261,9439577074,39013,1206,L,LO_LOADER_IN_PRESS_STOP,2022-10-14 22:46:27,False,10,22-10-14
484262,9439577074,39013,1206,L,LO_BLADDER_PRESHAPING_STOP,2022-10-14 22:46:27,False,10,22-10-14
484263,9439577074,39013,1206,L,LO_BLADDER_VACUUM_START,2022-10-14 22:46:27,False,10,22-10-14
484264,9439577074,39013,1206,L,LO_BLADDER_PRESHAPING_START,2022-10-14 22:46:27,False,10,22-10-14
484282,9439577074,39013,1206,L,LO_BLADDER_VACUUM_STOP,2022-10-14 22:46:29,False,10,22-10-14
484283,9439577074,39013,1206,L,LO_LOADER_DOWN_START,2022-10-14 22:46:29,False,10,22-10-14
484327,9439577074,39013,1206,L,LO_LOADER_DOWN_STOP,2022-10-14 22:46:35,False,10,22-10-14
484328,9439577074,39013,1206,L,LO_TCR_DOWN_START,2022-10-14 22:46:35,False,10,22-10-14
484346,9439577074,39013,1206,L,LO_TCR_DOWN_STOP,2022-10-14 22:46:36,False,10,22-10-14
484347,9439577074,39013,1206,L,LO_PRESHAPING_START,2022-10-14 22:46:36,False,10,22-10-14
484428,9439577074,39013,1206,L,LO_PRESHAPING_STOP,2022-10-14 22:46:51,False,10,22-10-14
484429,9439577074,39013,1206,L,LO_LOADER_RELEASE_TIRE_STOP,2022-10-14 22:46:51,False,10,22-10-14
484430,9439577074,39013,1206,L,LO_LOADER_UP_START,2022-10-14 22:46:51,False,10,22-10-14
484431,9439577074,39013,1206,L,LO_LOADER_RELEASE_TIRE_START,2022-10-14 22:46:51,False,10,22-10-14
484464,9439577074,39013,1206,L,LO_LOADER_UP_STOP,2022-10-14 22:46:57,False,10,22-10-14
484465,9439577074,39013,1206,L,LO_LOADER_OUT_START,2022-10-14 22:46:57,False,10,22-10-14
484490,9439577074,39013,1206,L,LO_LOADER_OUT_STOP,2022-10-14 22:47:00,False,10,22-10-14
484491,9439577074,39013,1206,L,CL_UNLOCK_PRESS_START,2022-10-14 22:47:00,False,10,22-10-14
484493,9439577074,39013,1206,L,CL_UNLOCK_PRESS_STOP,2022-10-14 22:47:01,False,10,22-10-14
484498,9439577074,39013,1206,L,CL_PRESS_DOWN_START,2022-10-14 22:47:02,False,10,22-10-14
484559,9439577074,39013,1206,L,CL_STOP_PAUSE_STOP,2022-10-14 22:47:09,False,10,22-10-14
484560,9439577074,39013,1206,L,CL_PRESS_DOWN_STOP,2022-10-14 22:47:09,False,10,22-10-14
484561,9439577074,39013,1206,L,CL_STOP_PAUSE_START,2022-10-14 22:47:09,False,10,22-10-14
484562,9439577074,39013,1206,L,CL_PRESS_DOWN_2_START,2022-10-14 22:47:09,False,10,22-10-14
484573,9439577074,39013,1206,L,CL_PRESS_DOWN_2_STOP,2022-10-14 22:47:11,False,10,22-10-14
484574,9439577074,39013,1206,L,CL_STOP_PAUSE_2_START,2022-10-14 22:47:11,False,10,22-10-14
484662,9439577074,39013,1206,L,CL_STOP_PAUSE_2_STOP,2022-10-14 22:47:21,False,10,22-10-14
484663,9439577074,39013,1206,L,CL_PRESS_DOWN_3_START,2022-10-14 22:47:21,False,10,22-10-14
484744,9439577074,39013,1206,L,CL_PRESS_LOCK_STOP,2022-10-14 22:47:32,False,10,22-10-14
484745,9439577074,39013,1206,L,CL_PRESS_DOWN_3_STOP,2022-10-14 22:47:32,False,10,22-10-14
484746,9439577074,39013,1206,L,CL_SQUEEZE_ON_START,2022-10-14 22:47:32,False,10,22-10-14
484747,9439577074,39013,1206,L,CL_PRESS_LOCK_START,2022-10-14 22:47:32,False,10,22-10-14
484848,9439577074,39013,1206,L,CURING_ON_START,2022-10-14 22:47:42,False,10,22-10-14
484849,9439577074,39013,1206,L,CL_SQUEEZE_ON_STOP,2022-10-14 22:47:42,False,10,22-10-14
492940,9439577073,39013,1202,R,CURING_ON_STOP,2022-10-14 23:10:28,False,10,22-10-14
492941,9439577073,39013,1202,R,CURING_OFF_START,2022-10-14 23:10:28,False,10,22-10-14
492958,9439577073,39013,1202,R,OP_SQUEEZE_OFF_START,2022-10-14 23:10:30,False,10,22-10-14
492959,9439577073,39013,1202,R,CURING_OFF_STOP,2022-10-14 23:10:30,False,10,22-10-14
492984,9439577073,39013,1202,R,OP_SQUEEZE_OFF_STOP,2022-10-14 23:10:34,False,10,22-10-14
492985,9439577073,39013,1202,R,OP_UNLOCK_PRESS_START,2022-10-14 23:10:34,False,10,22-10-14
492994,9439577073,39013,1202,R,OP_UNLOCK_PRESS_STOP,2022-10-14 23:10:36,False,10,22-10-14
492995,9439577073,39013,1202,R,OP_PRESS_MOVEMENT_UP_START,2022-10-14 23:10:36,False,10,22-10-14
492999,9439577073,39013,1202,R,OP_PRESS_MOVEMENT_UP_STOP,2022-10-14 23:10:37,False,10,22-10-14
493000,9439577073,39013,1202,R,OP_PRESS_STOP_PAUSE_1_START,2022-10-14 23:10:37,False,10,22-10-14
493022,9439577073,39013,1202,R,OP_PRESS_STOP_PAUSE_1_STOP,2022-10-14 23:10:42,False,10,22-10-14
493023,9439577073,39013,1202,R,OP_PRESS_MOVEMENT_UP_1_START,2022-10-14 23:10:42,False,10,22-10-14
493046,9439577073,39013,1202,R,OP_PRESS_MOVEMENT_UP_1_STOP,2022-10-14 23:10:46,False,10,22-10-14
493047,9439577073,39013,1202,R,OP_PRESS_STOP_PAUSE_2_START,2022-10-14 23:10:46,False,10,22-10-14
493096,9439577073,39013,1202,R,OP_PRESS_STOP_PAUSE_2_STOP,2022-10-14 23:10:51,False,10,22-10-14
493097,9439577073,39013,1202,R,OP_PRESS_MOVEMENT_UP_2_START,2022-10-14 23:10:51,False,10,22-10-14
493127,9439577073,39013,1202,R,UN_SWING_POSITION_STOP,2022-10-14 23:10:58,False,10,22-10-14
493128,9439577073,39013,1202,R,UN_SWING_POSITION_START,2022-10-14 23:10:58,False,10,22-10-14
493129,9439577073,39013,1202,R,UN_LMR_TCR_VACUUM_START,2022-10-14 23:10:58,False,10,22-10-14
493164,9439577073,39013,1202,R,UN_LMR_TCR_VACUUM_STOP,2022-10-14 23:11:03,False,10,22-10-14
493165,9439577073,39013,1202,R,UN_SWING_IN_ARMS_START,2022-10-14 23:11:03,False,10,22-10-14
493166,9439577073,39013,1202,R,OP_PRESS_MOVEMENT_UP_3_STOP,2022-10-14 23:11:03,False,10,22-10-14
493167,9439577073,39013,1202,R,OP_PRESS_LOCKED_STOP,2022-10-14 23:11:03,False,10,22-10-14
493168,9439577073,39013,1202,R,OP_PRESS_LOCKED_START,2022-10-14 23:11:03,False,10,22-10-14
493288,9439577073,39013,1202,R,UN_SWING_IN_ARMS_STOP,2022-10-14 23:11:21,False,10,22-10-14
493289,9439577073,39013,1202,R,UN_TCR_UP_START,2022-10-14 23:11:21,False,10,22-10-14
493348,9439577073,39013,1202,R,UN_TCR_UP_STOP,2022-10-14 23:11:30,False,10,22-10-14
493349,9439577073,39013,1202,R,UN_UNLOADER_DOWN_START,2022-10-14 23:11:30,False,10,22-10-14
493435,9439577073,39013,1202,R,UN_CLOSE_ARMS_STOP,2022-10-14 23:11:40,False,10,22-10-14
493436,9439577073,39013,1202,R,UN_CLOSE_ARMS_START,2022-10-14 23:11:40,False,10,22-10-14
493458,9439577073,39013,1202,R,UN_UNLOADER_DOWN_STOP,2022-10-14 23:11:44,False,10,22-10-14
493459,9439577073,39013,1202,R,UN_OPEN_ARMS_START,2022-10-14 23:11:44,False,10,22-10-14
493469,9439577073,39013,1202,R,UN_TCR_UP_NO_SUV_STOP,2022-10-14 23:11:45,False,10,22-10-14
493470,9439577073,39013,1202,R,UN_OPEN_ARMS_STOP,2022-10-14 23:11:45,False,10,22-10-14
493471,9439577073,39013,1202,R,UN_UNLOADER_UP_START,2022-10-14 23:11:45,False,10,22-10-14
493472,9439577073,39013,1202,R,UN_TCR_UP_NO_SUV_START,2022-10-14 23:11:45,False,10,22-10-14
493674,9439577073,39013,1202,R,UN_UNLOADER_UP_STOP,2022-10-14 23:12:17,False,10,22-10-14
493675,9439577073,39013,1202,R,UN_UNLOADER_OUT_START,2022-10-14 23:12:17,False,10,22-10-14
493696,9439577073,39013,1202,R,UN_UNLOADER_OUT_STOP,2022-10-14 23:12:21,False,10,22-10-14
